Job_Title,New_JobTitle,Job_Level
Analytics Consultant,Analytics Consultant,Consultant Level
Microsoft Analytics Consultant,Analytics Consultant,Consultant Level
"Manager, Decision Analytics - Retail Media",Analytics Manager,Manager Level
Analytic Consultant 4- Strategic Analytic Consultant (People Analytics),Analytics Consultant,Consultant Level
"Data Analyst, Partner Health Monitoring",Data Analyst,Analyst/Engineer Level
Data Management Data Analyst,Data Analyst,Analyst/Engineer Level
Senior Data Analyst,Data Analyst,Analyst/Engineer Level
Hadoop Data Analyst / Business Analyst,Data Analyst,Analyst/Engineer Level
Media Analytics Manager,Analytics Manager,Manager Level
"Data Science and Analytics Manager, Alexa AI",Analytics Manager,Manager Level
Speech Analytics Manager,Analytics Manager,Manager Level
Senior Analytics Consultant,Analytics Consultant,Consultant Level
Data Analytics Manager,Analytics Manager,Manager Level
"Senior Data Analyst, Business Intelligence (QuoteCenter)",Data Analyst,Analyst/Engineer Level
"Analytics Manager, Business Marketing Research and Intelligence",Analytics Manager,Manager Level
Corporate - Control Manager - Data Analytics and Product Development - Vice President,Analytics Manager,Manager Level
Senior Marketing Analytics Manager,Analytics Manager,Manager Level
GBAM Data Management - Data Analyst,Data Analyst,Analyst/Engineer Level
Product Manager & Product Strategist - Reinforcement Learning for Financial Services Analytics Applications,Analytics Manager,Manager Level
"Manager, Customer Analytics",Analytics Manager,Manager Level
Principal Data Analyst,Data Analyst,Analyst/Engineer Level
Analytic Consultant 5- Senior Strategic Analytic Consultant (People Analytics),Analytics Consultant,Consultant Level
Digital Marketing Analyst,Marketing Analyst,Analyst/Engineer Level
Commercial Banking - Business Analytics Manager - VP,Analytics Manager,Manager Level
Sr. ACES Analytics Manager,Analytics Manager,Manager Level
Senior Data Analyst - Prime Brokerage Tech,Data Analyst,Analyst/Engineer Level
Analytics Consultant - 72112BR,Analytics Consultant,Consultant Level
"Sr. Data Analyst, Online Delivery Analytics",Data Analyst,Analyst/Engineer Level
PFNA Data Analyst,Data Analyst,Analyst/Engineer Level
"Asset Management, Marketing, Digital Data Analyst, Associate",Data Analyst,Analyst/Engineer Level
"Finance Manager, Database & Analytics Specialized Sales",Analytics Manager,Manager Level
Lead Analytics Consultant-BI Consultant,Analytics Consultant,Consultant Level
Analytics Consultant – Procurement,Analytics Consultant,Consultant Level
Senior Data Analyst – Interconnected Delivery Strategy,Data Analyst,Analyst/Engineer Level
Workforce Strategy Analytics Manager,Analytics Manager,Manager Level
Associate Wealth Strategies Advisor,Other Advisor,Lead/Advisor Level
Talent Analytics Manager,Analytics Manager,Manager Level
Commercial Bank - Fraud Strategy & Analytics Manager,Analytics Manager,Manager Level
"Senior Data Analyst, Delivery",Data Analyst,Analyst/Engineer Level
"Manager, Mission Control Analytics",Analytics Manager,Manager Level
"Principal Product Manager, Product and Analytics",Analytics Manager,Manager Level
Senior Data Analyst - Supply Chain Analytics,Supply Chain Analyst,Analyst/Engineer Level
Watson Health- Analytic Consultant (Early Professional),Other Consultant level,Consultant Level
Marketing Data Analyst,Data Analyst,Analyst/Engineer Level
"Principal Product Manager Tech, Brand Analytics",Analytics Manager,Manager Level
Senior Data Analyst - Supply Chain,Supply Chain Analyst,Analyst/Engineer Level
Watson Health- Business/Data Analyst,Data Analyst,Analyst/Engineer Level
"Data Analytics Manager, LTS - Legal",Analytics Manager,Manager Level
"Corrections Data Analyst II - Columbus, OH",Data Analyst,Analyst/Engineer Level
Digital Analytics Leader,Analytics Lead,Lead/Advisor Level
Lead Analytics Consultant,Analytics Consultant,Consultant Level
SERVICES SENIOR OPERATIONS DATA ANALYST,Data Analyst,Analyst/Engineer Level
Watson Health Analytic Industry Consultant (Early Professional),Other Consultant level,Consultant Level
Analytic Consultant 4,Other Consultant level,Consultant Level
"Sr. Data Analyst, Supply Chain Development",Supply Chain Analyst,Analyst/Engineer Level
Senior Strategy Consultant - Enterprise Strategy (Tech & Data),Data Consultant,Consultant Level
"Data Analyst, Community Operations",Data Analyst,Analyst/Engineer Level
"Senior Data Analyst, Tax Technology",Data Analyst,Analyst/Engineer Level
Data Analyst – Distribution Analytics,Data Analyst,Analyst/Engineer Level
"Data Analyst, Performance Management",Data Analyst,Analyst/Engineer Level
IBM Services Cognitive & Analytics Senior Consultant - US Federal,Analytics Consultant,Consultant Level
"Data Analyst, Media Partnerships",Data Analyst,Analyst/Engineer Level
"Data Analyst, Transportation Analytics",Data Analyst,Analyst/Engineer Level
"Data Analyst, Supply Chain Analytics",Supply Chain Analyst,Analyst/Engineer Level
"Misinformation Data Analyst, Community Operations",Data Analyst,Analyst/Engineer Level
Senior Safety Analytics Manager III,Analytics Manager,Manager Level
"Data Analyst, Product Support Operations",Data Analyst,Analyst/Engineer Level
Data Analyst - Supply Chain,Supply Chain Analyst,Analyst/Engineer Level
Analytics Sr Consultant,Analytics Consultant,Consultant Level
Analytics Consultant - Senior Advisor,Analytics Consultant,Consultant Level
HOME DEPOT PRO DATA ANALYST,Data Analyst,Analyst/Engineer Level
"Payments Data Analyst, Payment Operations",Data Analyst,Analyst/Engineer Level
"2021 IBM Enterprise Strategy, Senior Consultant",Other Consultant level,Consultant Level
"Data Analyst, Law Enforcement Analytics  &  Programs",Data Analyst,Analyst/Engineer Level
The Home Depot PRO - Product Data Analyst,Data Analyst,Analyst/Engineer Level
Senior Managing Consultant - Enterprise Strategy (Tech and Data),Data Consultant,Consultant Level
Analytic Consultant 4 - Tableau Developer,Other Consultant level,Consultant Level
Lead Analytics Consultant - 74424BR,Analytics Consultant,Consultant Level
Analytics Advisor - Reporting Strategy,Analytics Advisor,Lead/Advisor Level
"IBM Enterprise Strategy, Senior Strategy Consultant, Health Payer Ind",Other Consultant level,Consultant Level
Principal Analytics Consultant,Analytics Consultant,Consultant Level
Analytic Services Consultant,Other Consultant level,Consultant Level
Lead Analytics Consultant - 66387BR,Analytics Consultant,Consultant Level
Analytic Consultant 4- Recurring Process Analyst (Enterprise Sandbox Remediation),Other Analysts,Analyst/Engineer Level
Clinical Analytics Consultant,Analytics Consultant,Consultant Level
Senior Analytic Consultant,Other Consultant level,Consultant Level
Senior Marketing Analytics Consultant,Analytics Consultant,Consultant Level
Consultant - Product Analytics and Surveillance - Senior,Product Analyst,Analyst/Engineer Level
Digital Analytics Manager,Analytics Manager,Manager Level
Customer Analytics Consultant - Entry Level,Analytics Consultant,Consultant Level
"Analytics Senior Consultant - Medical Economics, M",Analytics Consultant,Consultant Level
Data Engineer - Specialty Analytics Senior Consultant,Data Engineer,Analyst/Engineer Level
IBM Services Business Transformation Senior Consultant - US Federal,Other Consultant level,Consultant Level
Data Analyst - Senior,Data Analyst,Analyst/Engineer Level
Entry Level Federal Consultant - Huntsville,Other Consultant level,Consultant Level
Data Analyst - Data Modeling,Data Analyst,Analyst/Engineer Level
SR. DATA ENGINEER - ANALYTIC CONSULTANT 5,Data Engineer,Analyst/Engineer Level
Digital Leadership Program- Digital Analytics Consultant,Analytics Consultant,Consultant Level
Data Analyst - Mainframe,Data Analyst,Analyst/Engineer Level
Intel Mission Analytics/Data Scientist (TS//SCI),Data Scientist,Scientist/Reseacher Level
Data Analytics Consultant - Rx Merchandising,Analytics Consultant,Consultant Level
Sr Consultant Analytics - (Reporting-SQL/Tableau/SSRS),Analytics Consultant,Consultant Level
SAP S/4HANA Finance Managing Consultant,Other Consultant level,Consultant Level
Customer Analytics Manager,Analytics Manager,Manager Level
Sr Informatics Consultant Lead/Sr. Data Analyst,Data Analyst,Analyst/Engineer Level
Process Innovation Consultant,Other Consultant level,Consultant Level
"Medical Economics, Senior Consultant ",Other Consultant level,Consultant Level
Diabetes Innovation Strategy Advisor,Other Advisor,Lead/Advisor Level
Process Innovation - Member Strategy Advisor,Other Advisor,Lead/Advisor Level
SAP Finance Consultant - Controlling/Asset Accting or Asset Management,Other Consultant level,Consultant Level
Product Manager - Data Analytics,Analytics Manager,Manager Level
"Manager, Marketing Analytics (CRM) - HBO Max",Analytics Manager,Manager Level
"Senior Manager, Customer Experience & Access Analytics – Cardiovascular",Analytics Manager,Manager Level
"Medical Economics Analyst (Expense Review), Senior",Economics Analyst,Analyst/Engineer Level
"Manager, Marketing Analytics (Media) - HBO Max",Analytics Manager,Manager Level
Strategy Advisor - Pharma Trade Relations,Other Advisor,Lead/Advisor Level
Pharmacy Operations - Data Analyst,Data Analyst,Analyst/Engineer Level
Senior Cloud Architect- Financial Services Cloud,Other Architect level,Developer/Architect Level
Software Engineer/eCom Data Engineer,Data Engineer,Analyst/Engineer Level
"Rebate Claims Data Analyst, Senior",Data Analyst,Analyst/Engineer Level
Digital Leadership Program – Digital Site Optimization Consultant,Other Consultant level,Consultant Level
"Wealth Management, Client Data Analyst",Data Analyst,Analyst/Engineer Level
Project Manager-Data Analytics,Analytics Manager,Manager Level
Commercial Bank – Fraud Strategy & Analytics Manager,Analytics Manager,Manager Level
Analytics and Media Manager,Analytics Manager,Manager Level
Principal Analytics and Media Manager,Analytics Manager,Manager Level
Supply Chain and Data Analyst,Supply Chain Analyst,Analyst/Engineer Level
"Manager, Supply Chain Analytics",Analytics Manager,Manager Level
Principal Technical Program Manager - Device Analytics Team,Analytics Manager,Manager Level
"Manager, Strategic Investment Analytics",Analytics Manager,Manager Level
Software Development Manager - Advertising Analytics,Analytics Manager,Manager Level
"Data Engineering Manager, Analytics ",Data Engineer,Analyst/Engineer Level
"Data Engineering Manager, Analytics (A&BP)",Data Engineer,Analyst/Engineer Level
"Data Engineering Manager, Analytics (A & BP)",Data Engineer,Analyst/Engineer Level
"Data Engineering Manager, Analytics (Marketplace)",Data Engineer,Analyst/Engineer Level
"Data Engineering Manager, Analytics (FB App)",Data Engineer,Analyst/Engineer Level
"Data Engineering Manager, Analytics - Facebook Reality Labs",Data Engineer,Analyst/Engineer Level
"Data Engineering Manager, Analytics (Messenger)",Data Engineer,Analyst/Engineer Level
"Data Engineering  Manager, Analytics - Facebook Reality Labs",Data Engineer,Analyst/Engineer Level
Software Sr. Engineer - HR Data Analyst,Data Analyst,Analyst/Engineer Level
SAP Data Management and Analytics Lead,Analytics Lead,Lead/Advisor Level
Microsoft Analytics Go to Market Leader,Analytics Lead,Lead/Advisor Level
SAP Capital Program and Project Management (PPM) (PS) Consultant,Other Consultant level,Consultant Level
SAP Master Data Governance (MDG) Consultant,Data Consultant,Consultant Level
Appian Architect /Strategy Consultant,Other Consultant level,Consultant Level
SAP HANA and S/4 Embedded Analytics,Unknown,Unknown
SAP Master Data Governance (MDG) Senior Managing Consultant,Data Consultant,Consultant Level
SAP S/4HANA Finance Senior Managing Consultant,Other Consultant level,Consultant Level
SAP FICO (COPA) Product Costing Lead Consultant,Other Consultant level,Consultant Level
SAP CR&B (FI-CA) Customer Relations & Billing Customer Accounting Lead,Unknown,Unknown
Data Analytics Senior Manager,Analytics Manager,Manager Level
Sr Analyst Audit Data Analytics,Data Analyst,Analyst/Engineer Level
Business Analysis - Governance Risk & Controls,Unknown,Unknown
Finance & Audit Manager - Finance Operations,Audit Manager,Manager Level
Quantitative Analyst - Audit Model Risk,Quantitative Analyst,Analyst/Engineer Level
Finance Operations S2P Support Analyst,Financial Analyst,Analyst/Engineer Level
"Internal Audit, Transaction Banking, Associate - New York",Internal Auditor,Audit Level
Sr. Manager Internal Audit,Internal Auditor,Audit Level
Manager Internal Audit - Forensics & Fraud,Internal Auditor,Audit Level
Principal Risk Specialist - Finance Risk Management,Unknown,Unknown
Risk and Controls Advisor,Other Advisor,Lead/Advisor Level
Senior Quality Consultant,Other Consultant level,Consultant Level
"Risk, Corporate Risk, Risk Regulation, Sr Associate / VP - New York",Other Associate level,Associate Level
Finance & Business Management Transformation - Vice President,Unknown,Unknown
"Internal Audit, Transaction Banking, Associate - Dallas",Internal Auditor,Audit Level
"Principal Associate, Compensation",Other Associate level,Associate Level
"Manager, Finance Operations Business Partnership - Post Audit",Audit Manager,Manager Level
Sr Auditor,Other Auditor level,Audit Level
"Audit Manager, Risk Management",Audit Manager,Manager Level
"Internal Audit, Consumer and Commercial Banking Technology, Associate - Dallas",Internal Auditor,Audit Level
Finance Manager - WW Devices FP&A,Finance Manager,Manager Level
"Internal Audit, Consumer and Commercial Banking Technology, Associate",Internal Auditor,Audit Level
Technology Audit Senior Manager,Audit Manager,Manager Level
Compliance Manager,Other Manager level,Manager Level
"Executive Office, Investor Relations, Analyst/Sr. Analyst - New York",Other Analysts,Analyst/Engineer Level
Audit Manager - Credit Risk Management,Audit Manager,Manager Level
Senior Program Manager,Program Manager,Manager Level
Audit Manager - Quality Assurance,Audit Manager,Manager Level
"Sr. Business Intelligence Engineer (BIE), Amazon Music",Business Intelligence Engineer,Analyst/Engineer Level
"Internal Audit, Consumer and Commercial Banking, Associate - Dallas",Internal Auditor,Audit Level
"Senior Auditor, Technology Audit",Other Auditor level,Audit Level
"Senior Program Manager, Employee Experience",Program Manager,Manager Level
"Principal Auditor, Commercial Audit",Other Auditor level,Audit Level
Sr Product Manager,Product Manager,Manager Level
"Executive Office, Investor Relations, Associate - Dallas",Other Associate level,Associate Level
"Principal Auditor, Consumer Compliance Audit",Other Auditor level,Audit Level
"Sr. Product Manager, Trade-In",Product Manager,Manager Level
"Internal Audit, Merchant Banking, Associate - Dallas",Internal Auditor,Audit Level
"Principal Auditor, Risk Management",Other Auditor level,Audit Level
"Sr. Manager, Digital Marketing, Prime Video International",Other Manager level,Manager Level
Senior Technology Auditor, Technology Auditor,Audit Level
"Compliance, Consumer Compliance, Credit Card - Business Development Program Management, Vice President",Unknown,Unknown
Principal Auditor - Financial Crimes Compliance (FCC),Other Auditor level,Audit Level
Operations – Treasury Services – Treasury Operations – Associate – Salt Lake City,Other Associate level,Associate Level
Software Development Engineer,Software Engineer,Analyst/Engineer Level
"Manager, Technology Auditor", Technology Auditor,Audit Level
"Technology Auditor, Principal Associate", Technology Auditor,Audit Level
Business Analysis,Unknown,Unknown
Senior Business Analyst,Business Analyst,Analyst/Engineer Level
Business Analyst - RIA Engineering - Global Markets,Business Analyst,Analyst/Engineer Level
Business Systems Analyst,Business Systems Analyst,Analyst/Engineer Level
Business Analyst (Wires),Business Analyst,Analyst/Engineer Level
Business Analyst/Quality Analyst,Business Analyst,Analyst/Engineer Level
"GIR, US Portfolio Strategy, Analyst - New York or Salt Lake City",Strategy Analyst,Analyst/Engineer Level
"Functional Analyst, Enterprise Finance Technology",Financial Analyst,Analyst/Engineer Level
"Investment Analyst - Atlanta, GA",Investment Analyst,Analyst/Engineer Level
Portal Application Senior Technical Business Analyst/Program Manager,Business Analyst,Analyst/Engineer Level
Global Portfolio Solutions (GPS) Strat - CIMD Engineering,Other Engineer level,Analyst/Engineer Level
IT Business Process Architect,Other Architect level,Developer/Architect Level
Business Operations Analyst II,Business Analyst,Analyst/Engineer Level
Business Applications Analyst (Wires),Business Analyst,Analyst/Engineer Level
Delivery Lead,Unknown,Unknown
WorkForce Analyst Planning Coordinator,Other Analysts,Analyst/Engineer Level
Business Analyst – Payments,Business Analyst,Analyst/Engineer Level
Business Analyst Associate - 2021,Business Analyst,Analyst/Engineer Level
Senior Business Services Analyst,Business Analyst,Analyst/Engineer Level
"CIMD, GSAM, Americas Client Business, Client Portfolio Analyst – Stable Value (Burlington, VT)",Business Analyst,Analyst/Engineer Level
Risk Analysis Manager,Other Manager level,Manager Level
Sales Incentive Enablement Senior Analyst,Senior Analyst,Analyst/Engineer Level
Business Analyst-Senior Associate,Business Analyst,Analyst/Engineer Level
Senior Business Analyst - Commercial Operations,Business Analyst,Analyst/Engineer Level
"Corporate and Workplace Solutions, Third Party Risk Management, Business Engagement, Associate - Dallas",Other Associate level,Associate Level
Fraud Strategist Analyst-SQL/SAS (GBAM Ops-Treasury FS&O) Pre-Paid Unemployment,Other Analysts,Analyst/Engineer Level
ABL/Commercial Banking Analyst 3,Other Analysts,Analyst/Engineer Level
Sr. Business Analyst (SEM) - Small Business Card,Business Analyst,Analyst/Engineer Level
Tech Risk Advisory - Vendor Risk Management - Analyst - Advisory,Sourcing Analyst,Analyst/Engineer Level
"Analyst I - Charlotte, NC",Other Analysts,Analyst/Engineer Level
Sr. Software Engineer - Open API Product Analyst,Product Analyst,Analyst/Engineer Level
Senior Business Analyst - Retail Bank Acquisitions Marketing,Business Analyst,Analyst/Engineer Level
"Merchant Banking Division, Loan Asset Management, Associate/ Analyst - Dallas",Other Analysts,Analyst/Engineer Level
Business Process Analyst II,Business Analyst,Analyst/Engineer Level
Tech Delivery Analyst II,Other Analysts,Analyst/Engineer Level
Senior Performance Analyst - Sterling Capital Management,Other Analysts,Analyst/Engineer Level
"Manager, Data Analysis",Other Manager level,Manager Level
"Internal Audit, Compliance & Legal, Sr. Analyst/Associate - New York",Internal Auditor,Audit Level
Tech Business Support-Strategic Initiatives Officer,Unknown,Unknown
Cash Management Senior Analyst,Senior Analyst,Analyst/Engineer Level
"CIMD, PWM, Business Development Associate, Analyst - Irving, TX",Business Analyst,Analyst/Engineer Level
Business Analyst - Home Lending Decision Science,Business Analyst,Analyst/Engineer Level
IT Service Stability and Performance Management Lead,Unknown,Unknown
Agile CoE Analyst – Agile Tools & Reporting,Reporting Analyst,Analyst/Engineer Level
Senior Financial Analyst,Financial Analyst,Analyst/Engineer Level
Business Support Consultant 4 - CPG Quality Assurance,Other Consultant level,Consultant Level
Business Analysis & Reporting Associate - Operations,Reporting Associate,Associate Level
"CIMD, PWM - Wealth Manager, Analyst - Philadelphia, PA",Other Analysts,Analyst/Engineer Level
Software Engineer - Product Systems Analyst,Other Analysts,Analyst/Engineer Level
Scrum Master,Unknown,Unknown
Business Analysis/Quality Analysis,Unknown,Unknown
"CIMD, PWM, Wealth Advisor, VP – Irving, TX",Other Advisor,Lead/Advisor Level
Deposit Operations QA Test Analyst II,Operations Analyst,Analyst/Engineer Level
Business Support Consultant 3 - CPG Quality Assurance,Other Consultant level,Consultant Level
"Associate, Strategy",Strategy Associate,Associate Level
Business Analyst/Quality Assurance,Business Analyst,Analyst/Engineer Level
"CIMD, PWM - Wealth Advisor, Vice President - Houston, TX",Other Advisor,Lead/Advisor Level
Principal Financial Analyst,Financial Analyst,Analyst/Engineer Level
Business Systems Analyst II,Business Systems Analyst,Analyst/Engineer Level
Premier Banker-Licensed,Unknown,Unknown
Principal Workday Analyst,Other Analysts,Analyst/Engineer Level
Business Management,Unknown,Unknown
Residential Mortgage Asset & Transaction Manager,Other Manager level,Manager Level
Product Manager - Enterprise Business Intelligence,Business Intelligence Manager,Manager Level
CCB Strategy Analyst,Strategy Analyst,Analyst/Engineer Level
Business Analyst II-Data Analytics & Presentation,Data Analyst,Analyst/Engineer Level
Quantitative Analytics Specialist 3 - AI/ ML Model Validation,Unknown,Unknown
"Strategic Business Analyst II - Wilmington, DE",Business Analyst,Analyst/Engineer Level
Business Operations Analyst I-Quality Assurance Testing,Business Analyst,Analyst/Engineer Level
Strategic Business Analyst - POS Fraud Strategy,Business Analyst,Analyst/Engineer Level
Credit Dispute Specialist,Unknown,Unknown
Business Analyst I - Document Collection,Business Analyst,Analyst/Engineer Level
2021 Corporate Analyst Development Program - Summer Analyst Opportunity,Other Analysts,Analyst/Engineer Level
Strategic Business Analyst I-Quality Assurance Testing,Business Analyst,Analyst/Engineer Level
ServiceNow Business Analyst Lead,Business Analyst,Analyst/Engineer Level
Global Recruiting Business Readiness Analyst,Business Analyst,Analyst/Engineer Level
Quality Analyst I,Quality Analyst,Analyst/Engineer Level
Business Analysis - Identity & Access Management,Unknown,Unknown
Technical Business Systems Associate,Other Associate level,Associate Level
CIB Operations - Business Analysis and Reporting Associate,Reporting Associate,Associate Level
Quantitative Analytics Specialist 3 - Fiduciary and Investment Model Validation,Unknown,Unknown
"Wholesale Payments, Onyx Strategy, Strategy- Analyst",Strategy Analyst,Analyst/Engineer Level
"Corporate Responsibility, Strategic Communications, Analyst",Other Analysts,Analyst/Engineer Level
Loan Verification Analyst 2,Other Analysts,Analyst/Engineer Level
"Asset Management, Middle Office Project Manager / Business Analyst - Associate",Business Analyst,Analyst/Engineer Level
Systems Operations Sr Analyst - Data Center - Weekend Shift,Data Analyst,Analyst/Engineer Level
PricingDirect Fixed Income Analyst,Pricing Analyst,Analyst/Engineer Level
HR Systems Production Support Analyst,Other Analysts,Analyst/Engineer Level
Treasury - Business Analyst - Associate,Business Analyst,Analyst/Engineer Level
Application Support Analyst,Other Analysts,Analyst/Engineer Level
Commercial Banking - Business Analysis & Reporting Manager - Vice President,Other Manager level,Manager Level
"Wealth Management, Policy & Process Business Analyst-VP",Business Analyst,Analyst/Engineer Level
"Product Management, Lead",Unknown,Unknown
Technical Business Analyst - Strategic GIAM Cloud Identity,Business Analyst,Analyst/Engineer Level
Tech Bus Services Sr Associate,Other Associate level,Associate Level
"Wealth Management, Cash Operations User Acceptance Testing (UAT) / Business Analyst, Analyst",Business Analyst,Analyst/Engineer Level
Digital Accessibility Analyst,Other Analysts,Analyst/Engineer Level
Firmwide Planning and Analysis - Analyst,Other Analysts,Analyst/Engineer Level
Quality Assurance Analyst 2 - HR Service and Process Management,Quality Analyst,Analyst/Engineer Level
Reference Data Pricing - Business Analyst/Project Manager - VP,Data Analyst,Analyst/Engineer Level
Infrastructure Engineering Sr. Analyst,Other Analysts,Analyst/Engineer Level
Senior Cybersecurity Business Intelligence Analyst,Business Analyst,Analyst/Engineer Level
Global Corporate Bank - Diversified Industries  - Corporate Banking Analyst,Other Analysts,Analyst/Engineer Level
Strategic Business Analyst II - POS Fraud Strategy - Commercial Card,Business Analyst,Analyst/Engineer Level
Asset & Wealth Management - Control Management - Quality Analyst,Quality Analyst,Analyst/Engineer Level
Corporate - Control Manager  - Associate,Other Manager level,Manager Level
Architect/Business Analyst - Post Trade Derivatives,Business Analyst,Analyst/Engineer Level
"2021 Asset Management Products Summer Analyst Program (New York, NY)",Other Analysts,Analyst/Engineer Level
Compliance Officer,Unknown,Unknown
Sr. Big Data Production Support Team Member,Unknown,Unknown
Origination/Client Manager,Other Manager level,Manager Level
Treasury - Business Analyst - Vice President,Business Analyst,Analyst/Engineer Level
Software Engineer,Software Engineer,Analyst/Engineer Level
Associate - Business Systems Analyst II,Business Systems Analyst,Analyst/Engineer Level
Big Data Production Support Team Member,Unknown,Unknown
Strategic Business Analyst II-CCB Corrections Data Validation,Data Analyst,Analyst/Engineer Level
2021 Internal Audit Analyst Program - Business Track - Summer Analyst Opportunity,Business Analyst,Analyst/Engineer Level
Project Manager / Business Analyst,Business Analyst,Analyst/Engineer Level
Chief Technology Office – Cloud Regulatory Business Analyst,Business Analyst,Analyst/Engineer Level
"Property Tax Analyst, Leasing (Finance & Accounting Analyst)",Financial Analyst,Analyst/Engineer Level
Mainframe Software Engineer,Software Engineer,Analyst/Engineer Level
Data and Analytics Analyst,Data Analyst,Analyst/Engineer Level
Business Analysis Sr Spec III (BA0407) IMAGE CAPTURE 802,Unknown,Unknown
Automation Test Engineer - Software Engineer,Software Engineer,Analyst/Engineer Level
CIB Campus Recruiter,Unknown,Unknown
CCB - U.S Wealth Management - Finance - Chase Private Client - Marketing & Communications - VP,Unknown,Unknown
Corporate - Control Manager -Production Support -  Program Manager  - Vice President,Program Manager,Manager Level
Product Development,Unknown,Unknown
Program Manager Assoc - Senior (SDPM06) SECURITIES CORE NA (102026:US:0802),Program Manager,Manager Level
Underwriting Analyst (YK0349) LQR (054618:US:0802),Other Analysts,Analyst/Engineer Level
Global Index Research Group - Index and Product Strategy - VP,Unknown,Unknown
Global Corporate Bank – Diversified Industries  – Corporate Banking Analyst,Other Analysts,Analyst/Engineer Level
Global Corporate Bank – TMT/Real Estate – Corporate Banking Analyst,Other Analysts,Analyst/Engineer Level
Global Corporate Bank - TMT/Real Estate - Corporate Banking Analyst,Other Analysts,Analyst/Engineer Level
210033408 - Business Banking -Underwriting_Support - Analyst,Business Analyst,Analyst/Engineer Level
Applications Support Engineer,Other Engineer level,Analyst/Engineer Level
Finance & Business Management Transformation - Dashboard Lead - VP,Unknown,Unknown
Client Account Services Onboarding Transformation VP -NY,Unknown,Unknown
"Wealth Management - Private Bank - Head of Investments - Birmingham, MI",Unknown,Unknown
CCB_Consumer Banking_Generic_US_Chase,Unknown,Unknown
Firmwide Reference Data Strategy – Strategic Party & Account Reference Data – E2E Business Adoption –Business Analyst & Project Manager - Associate,Data Analyst,Analyst/Engineer Level
"Wholesale Payments, Alternative Payments Product Manager - Executive Director",Product Manager,Manager Level
Commercial Bank: Wholesale Lending Services (WLS)– Lending Program Management- Transformation & Simplification Business Analyst,Business Analyst,Analyst/Engineer Level
"Wholesale Payments, Alternative Payments Product Manager - Vice President",Product Manager,Manager Level
Program Manager (SDPM07) SECURITIES CORE NA (102026:US:0802),Program Manager,Manager Level
Wholesale Lending Services – Loan Trading Strategic Initiatives & Execution - Associate,Other Associate level,Associate Level
Corporate Treasury - Intelligent Automation - Associate,Other Associate level,Associate Level
Site Reliability Engineer - Alteryx or Tableau,Other Engineer level,Analyst/Engineer Level
"CCB Risk - Fraud Risk - HOME LENDING FRAUD, Vice President",Unknown,Unknown
CVG Chase Vendor Support Hotline-Appraiser,Unknown,Unknown
Business Analyst,Business Analyst,Analyst/Engineer Level
OPERATIONS BUSINESS ANALYST,Business Analyst,Analyst/Engineer Level
Advanced Business Sys Analyst,Business Analyst,Analyst/Engineer Level
IT Business Intelligence Analyst,Business Analyst,Analyst/Engineer Level
Senior Analyst Risk Management,Senior Analyst,Analyst/Engineer Level
Strategy Senior Analyst,Strategy Analyst,Analyst/Engineer Level
"Senior Analyst, Consumer Payments Analytics",Senior Analyst,Analyst/Engineer Level
"Senior Analyst, eCommerce Business Analytics",Business Analyst,Analyst/Engineer Level
"Senior Analyst, Technology Performance & Analysis",Senior Analyst,Analyst/Engineer Level
Senior Business Analyst (QuoteCenter),Business Analyst,Analyst/Engineer Level
Agile Business Consultant,Other Consultant level,Consultant Level
"Analyst, International Treasury",Other Analysts,Analyst/Engineer Level
Demand Management Analyst,Other Analysts,Analyst/Engineer Level
Sr Anlyst Sourcing & Prtnrshp,Unknown,Unknown
Program Business Analyst - IT - 73926BR,Business Analyst,Analyst/Engineer Level
Reporting Senior Analyst,Reporting Analyst,Analyst/Engineer Level
Senior Analyst Data Science,Data Analyst,Analyst/Engineer Level
Senior Financial Reporting Analyst,Reporting Analyst,Analyst/Engineer Level
"Lead Analyst, CRM Reporting",Reporting Analyst,Analyst/Engineer Level
Accounting Ops Senior Analyst,Senior Analyst,Analyst/Engineer Level
Senior Financial Accounting Analyst,Financial Accounting Analyst,Analyst/Engineer Level
Senior Analyst Government Contracts,Senior Analyst,Analyst/Engineer Level
Reporting and Digital Analyst,Reporting Analyst,Analyst/Engineer Level
Senior Operations Business Analyst,Business Analyst,Analyst/Engineer Level
Medicaid Business Analyst,Business Analyst,Analyst/Engineer Level
"IT Senior Analyst, eCommerce Neostrata",Senior Analyst,Analyst/Engineer Level
Shopper Insights Analyst,Other Analysts,Analyst/Engineer Level
"Senior Operations, Business Analyst",Business Analyst,Analyst/Engineer Level
Digital Leadership Program- Strategy Analyst,Strategy Analyst,Analyst/Engineer Level
Data Visualization Engineer - HBO Max,Other Engineer level,Analyst/Engineer Level
"Senior Analyst, Contract Validation and Analytics (CVA)",Senior Analyst,Analyst/Engineer Level
Operations Technology Analyst,Operations Analyst,Analyst/Engineer Level
SAP PTP Indirect Procurement Senior Analyst,Senior Analyst,Analyst/Engineer Level
IT Senior Analyst- System Engineer,Senior Analyst,Analyst/Engineer Level
"Senior Business Analyst, Loyalty Operations",Business Analyst,Analyst/Engineer Level
"Senior Analyst, Online Business Analytics",Business Analyst,Analyst/Engineer Level
Sr. Project & Strategy Analyst,Strategy Analyst,Analyst/Engineer Level
Senior Business Analyst - Messaging/Chat,Business Analyst,Analyst/Engineer Level
Senior Pricing Strategy Analyst - Work from home,Pricing Analyst,Analyst/Engineer Level
"Senior Analyst, Decision Analytics",Senior Analyst,Analyst/Engineer Level
SR OPERATIONS BUSINESS ANALYST,Business Analyst,Analyst/Engineer Level
Senior Project Lead,Unknown,Unknown
"Senior Analyst, Customer Analytics",Senior Analyst,Analyst/Engineer Level
Senior Analyst - Customer Experience Management,Senior Analyst,Analyst/Engineer Level
"Senior Business Analyst, MMS",Business Analyst,Analyst/Engineer Level
Consultant Reporting,Other Consultant level,Consultant Level
"Senior Analyst, Online Product Insights",Senior Analyst,Analyst/Engineer Level
Financial Planning Analyst,Other Analysts,Analyst/Engineer Level
"Senior Business Analyst, Merchant Engagement",Business Analyst,Analyst/Engineer Level
A&G Support Business Specialist,Unknown,Unknown
BUSINESS ANALYST PRO MERCHANDISING STRATEGY,Business Analyst,Analyst/Engineer Level
"IT Operations, Analyst - Mainframes",Operations Analyst,Analyst/Engineer Level
"Analyst, Brand Advocate",Other Analysts,Analyst/Engineer Level
FIELD CAPITAL BUSINESS ANALYST,Business Analyst,Analyst/Engineer Level
Quality Assurance - Senior Analyst,Quality Analyst,Analyst/Engineer Level
"Senior Analyst, Insights SEO",Senior Analyst,Analyst/Engineer Level
Regulatory Report Consultant,Other Consultant level,Consultant Level
"Senior Analyst, CRM Insights",Senior Analyst,Analyst/Engineer Level
Appeals Quality Analyst,Quality Analyst,Analyst/Engineer Level
"Senior Analyst, Online Search",Senior Analyst,Analyst/Engineer Level
Financial Planning and Analysis Senior Analyst,Senior Analyst,Analyst/Engineer Level
"Senior Analyst, Brand Advocate",Senior Analyst,Analyst/Engineer Level
"Innovation Product Manager, Senior Advisor",Other Advisor,Lead/Advisor Level
"Analyst, Online Merchandising",Other Analysts,Analyst/Engineer Level
Senior Analyst - Channel Management,Senior Analyst,Analyst/Engineer Level
Workforce Management Consultant - Senior,Other Consultant level,Consultant Level
Senior Analyst Customer Data Strategy and Governance,Data Analyst,Analyst/Engineer Level
Rebate Research Senior Analyst,Senior Analyst,Analyst/Engineer Level
Senior Analyst - Inventory Planning,Inventory Analyst,Analyst/Engineer Level
Sr Configuration Analyst,Other Analysts,Analyst/Engineer Level
Senior Analyst - Inventory Solutions,Inventory Analyst,Analyst/Engineer Level
"UX Designer, Senior Analyst",Senior Analyst,Analyst/Engineer Level
"Senior Analyst, Order Management",Senior Analyst,Analyst/Engineer Level
Senior Consultant - Adjudication Solutions,Other Consultant level,Consultant Level
"Senior Analyst, Campaign Management - CRM",Senior Analyst,Analyst/Engineer Level
AS400 Application Development- Senior Analyst,Senior Analyst,Analyst/Engineer Level
Senior Analyst - Supply Chain,Supply Chain Analyst,Analyst/Engineer Level
Benefits Adjudication Solutions Advisor,Other Advisor,Lead/Advisor Level
SENIOR ANALYST PRO CUSTOMER EXECUTION,Senior Analyst,Analyst/Engineer Level
Analyst Quality Assurance,Quality Analyst,Analyst/Engineer Level
SENIOR LOGISTICS ANALYST,Logistics Analyst,Analyst/Engineer Level
SQL/ETL Developer,Other Developer level,Developer/Architect Level
"Senior Analyst, HDIS Install Operations - Services",Operations Analyst,Analyst/Engineer Level
Quality Assurance Manager,Other Manager level,Manager Level
"Senior Analyst, One Supply Chain",Supply Chain Analyst,Analyst/Engineer Level
"Information Security, Senior Analyst (Network Acce",Security Analyst,Analyst/Engineer Level
Sr. Operations Analyst - Energy Management,Operations Analyst,Analyst/Engineer Level
IS Secure Administrator - Senior Analyst- Work From Home,Senior Analyst,Analyst/Engineer Level
SR LOGISTICS ANALYST,Logistics Analyst,Analyst/Engineer Level
Rebates Operations Support - Senior Analyst,Operations Analyst,Analyst/Engineer Level
SR GLOBAL SOURCING ANALYST,Sourcing Analyst,Analyst/Engineer Level
"Innovation Product Manager, Advisor",Other Advisor,Lead/Advisor Level
"Senior Analyst, Online Merchandising - Pricing",Pricing Analyst,Analyst/Engineer Level
Sr SQL Database Developer,Other Developer level,Developer/Architect Level
"Senior Analyst, Digital Analytics - Apps",Senior Analyst,Analyst/Engineer Level
AS400/Synon Application Developer - Senior Analyst,Senior Analyst,Analyst/Engineer Level
"Senior Analyst, Online Merchandising - The Company Store",Senior Analyst,Analyst/Engineer Level
"Java Software Engineer, Senior Analyst",Senior Analyst,Analyst/Engineer Level
Manager - Inventory Solutions,Other Manager level,Manager Level
DocuSign Developer,Other Developer level,Developer/Architect Level
SENIOR ANALYST READINESS RESOLUTION,Senior Analyst,Analyst/Engineer Level
Workforce Management Coordinator,Unknown,Unknown
Staff Product Specialist (Technology Product Manager),Product Manager,Manager Level
Medicare Grievance Analyst,Other Analysts,Analyst/Engineer Level
Supply Chain Sr Analyst - Data Quality - MDC,Supply Chain Analyst,Analyst/Engineer Level
Home Depot PRO Training Senior Analyst,Senior Analyst,Analyst/Engineer Level
"Senior Analyst, Digital Content Analytics",Senior Analyst,Analyst/Engineer Level
SR LOGISTICS ANALYST - TRANSPORTATION RESOURCE PLANNING,Logistics Analyst,Analyst/Engineer Level
IB SR MERCHANDISING ANALYST,Other Analysts,Analyst/Engineer Level
"Senior Taxonomy Analyst, Item Data Governance",Data Analyst,Analyst/Engineer Level
Automation Developer,Other Developer level,Developer/Architect Level
The Home Depot PRO - Senior Merchandising Analyst,Other Analysts,Analyst/Engineer Level
STAFF PRODUCT SUPPORT SPEC,Unknown,Unknown
Sales Strategy and Business Operations Analyst,Business Analyst,Analyst/Engineer Level
Entry Level Business Analyst: 2021,Business Analyst,Analyst/Engineer Level
Business Analyst II,Business Analyst,Analyst/Engineer Level
"Business Planning & Operations Analyst, Verticals - Business Product Marketing",Business Analyst,Analyst/Engineer Level
Sales Operations Analyst,Operations Analyst,Analyst/Engineer Level
"Business Planning & Operations Analyst, Signals - Business Product Marketing",Business Analyst,Analyst/Engineer Level
Inventory Analyst in Training,Inventory Analyst,Analyst/Engineer Level
Marketing Content Publisher,Unknown,Unknown
Threat Detection - Security Analyst,Security Analyst,Analyst/Engineer Level
"Business Planning  &  Operations Analyst, Verticals - Business Product Marketing ",Business Analyst,Analyst/Engineer Level
Sr Information Security Analyst,Security Analyst,Analyst/Engineer Level
Regional Supply Analyst,Other Analysts,Analyst/Engineer Level
Business Analyst - Quote To Order - Services Ordering,Business Analyst,Analyst/Engineer Level
Senior Information Security Analyst,Security Analyst,Analyst/Engineer Level
2021 Finance Analyst,Financial Analyst,Analyst/Engineer Level
Business Analyst - Financial Systems,Business Analyst,Analyst/Engineer Level
"Business Planning  &  Operations Analyst, Signals - Business Product Marketing",Business Analyst,Analyst/Engineer Level
"Senior Analyst, Cyber Security",Security Analyst,Analyst/Engineer Level
Business Analyst – Special Projects (JoinOCI),Business Analyst,Analyst/Engineer Level
Media and Comms Specialist: Reviews and Software,Unknown,Unknown
Sr HR Manager,Other Manager level,Manager Level
Sr. Business Analyst,Business Analyst,Analyst/Engineer Level
Business Analyst 4-Ops,Business Analyst,Analyst/Engineer Level
Senior Info Security Analyst,Security Analyst,Analyst/Engineer Level
Technical Business Analyst,Business Analyst,Analyst/Engineer Level
Operations Program Manager - FacOps,Program Manager,Manager Level
Inventory Analyst - Indirect and Reverse Logistics,Inventory Analyst,Analyst/Engineer Level
Security Assessment Analyst,Security Analyst,Analyst/Engineer Level
Sr Info Security Analyst,Security Analyst,Analyst/Engineer Level
IT Business Analyst,Business Analyst,Analyst/Engineer Level
Sales Enablement Program Manager/Business Analyst,Business Analyst,Analyst/Engineer Level
Business Analyst - Technical,Business Analyst,Analyst/Engineer Level
State and Local Tax Senior Analyst,Senior Analyst,Analyst/Engineer Level
Business Analyst IBM Tech Re Entry,Business Analyst,Analyst/Engineer Level
Senior Business Analyst (JoinOCI-PPM),Business Analyst,Analyst/Engineer Level
"Systems Analyst, Developer Operations",Operations Analyst,Analyst/Engineer Level
Watson Health-AI Business Analyst (Early Professional),Business Analyst,Analyst/Engineer Level
Data Center Logistics Analyst,Data Analyst,Analyst/Engineer Level
iERP AP/GP SAP Business Analyst,Business Analyst,Analyst/Engineer Level
Contracts QA Analyst,Other Analysts,Analyst/Engineer Level
Senior Functional Consultant/ Business Analyst,Business Analyst,Analyst/Engineer Level
Insights Analyst - HR Technology,Other Analysts,Analyst/Engineer Level
IT Business Analyst (JoinOCI-Ns2),Business Analyst,Analyst/Engineer Level
Deduction Auditor,Other Auditor level,Audit Level
Offering Management Strategist - Watson Health,Unknown,Unknown
Principal Business Analyst – Cloud Engineering Infrastructure Development (JoinOCI),Business Analyst,Analyst/Engineer Level
Apttus Application Consultant,Other Consultant level,Consultant Level
Business Analyst II - HR,Business Analyst,Analyst/Engineer Level
HR Business Analyst II,Business Analyst,Analyst/Engineer Level
"Strategy Analyst, Global Tax & Treasury, Chief Learning Officer Team",Strategy Analyst,Analyst/Engineer Level
State Tax Analyst,Other Analysts,Analyst/Engineer Level
"Sr. Business Analyst, Kindle",Business Analyst,Analyst/Engineer Level
Marketing / Advertising Analytics - Principal Business Intelligence Analyst,Business Analyst,Analyst/Engineer Level
Business Systems Manager - eero,Other Manager level,Manager Level
Executive Communications Leader,Unknown,Unknown
Associate Business Planning Analyst,Business Analyst,Analyst/Engineer Level
"Sr. Business Analyst, Recruiting Engine",Business Analyst,Analyst/Engineer Level
Sr. Research and Insights Lead,Unknown,Unknown
Senior Business Analyst - Pricing,Pricing Analyst,Analyst/Engineer Level
"Program Director, Product Management - Cloud Security Services",Unknown,Unknown
Principal Program Manager – Cloud Capacity Management (JoinOCI),Program Manager,Manager Level
Senior Business Analyst - Measurement Systems,Business Analyst,Analyst/Engineer Level
"Communications and Media Relations Leader, Industrial Products",Unknown,Unknown
Senior Product Manager,Product Manager,Manager Level
"Sr. Business Analyst, Amazon Transportation Services",Business Analyst,Analyst/Engineer Level
Product Manager/Strategy 4-ProdDev,Product Manager,Manager Level
Sr. Business Operations Manager,Business Operations Manager,Manager Level
"Senior Financial Analyst, Oracle Cloud Infrastructure, Workload Health",Financial Analyst,Analyst/Engineer Level
Sr. Business Analyst - Physical Stores Grocery,Business Analyst,Analyst/Engineer Level
"Communications and Media Relations Leader, Energy/Environment/Util",Unknown,Unknown
IT Security Analyst 3,Security Analyst,Analyst/Engineer Level
Senior Financial Analyst - Business Partnership,Financial Analyst,Analyst/Engineer Level
Sr. Financial Analyst,Financial Analyst,Analyst/Engineer Level
Technical Program Manager,Technical Program Manager,Manager Level
Advisory Services - Cloud Transformation Advisor,Other Advisor,Lead/Advisor Level
Senior Business Intelligence Engineer- Amazon Business International,Business Intelligence Engineer,Analyst/Engineer Level
Supply Chain Business Analyst Manager,Supply Chain Analyst,Analyst/Engineer Level
Principal Data Scientist - Technical Operations & Support - (JoinOCI),Data Scientist,Scientist/Reseacher Level
"Communications and Media Relations Leader, Automotive",Unknown,Unknown
Sr Business Intelligence Engineer,Business Intelligence Engineer,Analyst/Engineer Level
Senior Business Intelligence Engineer,Business Intelligence Engineer,Analyst/Engineer Level
Sr. Business Intelligence Engineer,Business Intelligence Engineer,Analyst/Engineer Level
"Sr. Business Intelligence Engineer, Sponsored Products",Business Intelligence Engineer,Analyst/Engineer Level
Senior Salesforce Developer,Other Developer level,Developer/Architect Level
"Sr. Manager, Business Intelligence",Business Intelligence Manager,Manager Level
"Sr. Business Intelligence Engineer, Retail Operations",Business Intelligence Engineer,Analyst/Engineer Level
"Sr Business Intelligence Analyst, WW Ops Real Estate",Business Analyst,Analyst/Engineer Level
Senior Data Modeler,Unknown,Unknown
Sr Payments Program Manager,Program Manager,Manager Level
Global Credit System (GCS) Business Analyst,Business Analyst,Analyst/Engineer Level
Marketing Operations Manager,Marketing Operations Manager,Manager Level
"Sr. BIE, Prime Video Catalog",Business Intelligence Engineer,Analyst/Engineer Level
Cyber Network Analyst (TS/SCI + Full Scope Poly),Other Analysts,Analyst/Engineer Level
Principal Product Manager - Commercial Linux Workloads,Product Manager,Manager Level
"Subject Matter Expert, Insurance Client Service Center",Unknown,Unknown
"Senior Analyst, Tax",Senior Analyst,Analyst/Engineer Level
"Quality Assurance Representative, Insurance Client Service Center",Unknown,Unknown
Business Intelligence Engineering Manager,Business Intelligence Engineer,Analyst/Engineer Level
Salesforce Developer,Other Developer level,Developer/Architect Level
"Manager, Public Policy, Research & Analysis",Other Manager level,Manager Level
Test Automation Engineer,Other Engineer level,Analyst/Engineer Level
Senior Finance Analyst - AMXL Financial Planning & Analysis,Financial Analyst,Analyst/Engineer Level
"Principal Product Manager, Seller Development",Product Manager,Manager Level
"Senior Financial Analyst, SPPS Finance",Financial Analyst,Analyst/Engineer Level
Senior Financial Analyst - Amazon Fulfillment Technologies,Financial Analyst,Analyst/Engineer Level
Senior Financial Analyst - Automated Marketing,Financial Analyst,Analyst/Engineer Level
"Senior Analyst, CS Forecasting",Senior Analyst,Analyst/Engineer Level
"Senior Financial Analyst, Global Profit Intelligence Finance",Financial Analyst,Analyst/Engineer Level
"Senior Financial Analyst, Global Imaging Services",Financial Analyst,Analyst/Engineer Level
Senior Financial Analyst - Global Specialty Fulfillment Operations,Financial Analyst,Analyst/Engineer Level
"Senior Financial Analyst, Global Specialty Fulfillment",Financial Analyst,Analyst/Engineer Level
Marketing Measurement Manager,Other Manager level,Manager Level
"Sr. Business Intelligence Engineer, SLS Safety Analytics",Business Intelligence Engineer,Analyst/Engineer Level
"Senior Financial Analyst, NA Amazon Flex",Financial Analyst,Analyst/Engineer Level
"Senior Financial Analyst, Risk Management",Financial Analyst,Analyst/Engineer Level
"Senior Financial Analyst, Prime Finance",Financial Analyst,Analyst/Engineer Level
"Senior Financial Analyst, Gift Cards",Financial Analyst,Analyst/Engineer Level
Senior Finance Analyst - Global Consumer Fulfillment,Financial Analyst,Analyst/Engineer Level
"Senior Financial Analyst, Hardlines Finance",Financial Analyst,Analyst/Engineer Level
"Senior Financial Analyst, Transportation Finance",Financial Analyst,Analyst/Engineer Level
"Program Manager, Global Real Estate & Facilities - AMER",Program Manager,Manager Level
Data Engineering Manager,Data Engineer,Analyst/Engineer Level
"Senior Data Engineer - Advertising, New Initiatives",Data Engineer,Analyst/Engineer Level
"Sr. Program Manager, Fleet Strategy and Visibility",Program Manager,Manager Level
Senior Financial Analyst - Supply Chain Optimization Technologies,Supply Chain Analyst,Analyst/Engineer Level
Sr. Financial Analyst - Echo/Alexa Sales & Marketing,Financial Analyst,Analyst/Engineer Level
Sr. Business Intelligence Engineer DSP 2.0,Business Intelligence Engineer,Analyst/Engineer Level
Facilities Manager,Other Manager level,Manager Level
Senior Financial Analyst - Amazon Payments Products,Financial Analyst,Analyst/Engineer Level
"Senior BI Data Eng (SQL, ETL, Python, Tableau)",Unknown,Unknown
"Senior Financial Analyst, International Seller Services",Financial Analyst,Analyst/Engineer Level
"Senior Financial Analyst, Hardlines",Financial Analyst,Analyst/Engineer Level
Sr. Payload Integration & Test Data Engineer - Project Kuiper,Data Engineer,Analyst/Engineer Level
Sr. BIE,Business Intelligence Engineer,Analyst/Engineer Level
Senior Data Engineer,Data Engineer,Analyst/Engineer Level
"Sr. BIE, Trust & Safety",Business Intelligence Engineer,Analyst/Engineer Level
Business Intelligence Engineer,Business Intelligence Engineer,Analyst/Engineer Level
US Softlines Senior Finance Manager,Finance Manager,Manager Level
Programmer Analyst II,Other Analysts,Analyst/Engineer Level
Business Intelligence Engineer II,Business Intelligence Engineer,Analyst/Engineer Level
Payments Program Manager,Program Manager,Manager Level
"Data Engineer II, Amazon Fuse",Data Engineer,Analyst/Engineer Level
Space Program Manager,Program Manager,Manager Level
Construction Program Manager,Program Manager,Manager Level
"Software Development Engineer II, Employee Experience",Software Engineer,Analyst/Engineer Level
BIE II - Global Benefits,Business Intelligence Engineer,Analyst/Engineer Level
Program Manager - Social Responsibility,Program Manager,Manager Level
Data Warehouse Analyst - Data Quality,Data Analyst,Analyst/Engineer Level
"GIR, Equity Research, Biopharma, Associate/Analyst-New York",Other Analysts,Analyst/Engineer Level
Data & Analytics Tagging Analyst,Data Analyst,Analyst/Engineer Level
Data Engineer - Software Engineer,Data Engineer,Analyst/Engineer Level
Lead Data Governance Analyst,Data Analyst,Analyst/Engineer Level
Quantitative Finance Analyst,Financial Analyst,Analyst/Engineer Level
Data Science Strategist - Marquee Sales Strats,Unknown,Unknown
"	Data & Analytics Tagging Analyst",Data Analyst,Analyst/Engineer Level
US Data Center Operations Analyst (Tuesday - Saturday 4PM - 12 AM),Data Analyst,Analyst/Engineer Level
"GIR, Equity Research, Biotech, Associate, NY",Other Associate level,Associate Level
Corp Inv Quant Fin Analyst,Quantitative Analyst,Analyst/Engineer Level
"GSAM- Fixed Income, Junior Trader and Portfolio Manager, Analyst/Associate",Other Analysts,Analyst/Engineer Level
Sr. Data Technology Analyst,Data Analyst,Analyst/Engineer Level
Digital Markets - Data Associate,Other Associate level,Associate Level
"GIR, Retail Hardlines, Associate - US",Other Associate level,Associate Level
Sr. Data Technology Analyst – Data Domain Lead,Data Analyst,Analyst/Engineer Level
Principal Quantitative Analyst - Model Risk,Quantitative Analyst,Analyst/Engineer Level
Strategic Analytics,Unknown,Unknown
Production Support - Emerging Markets,Unknown,Unknown
GWIM Sr. Operations Analyst,Operations Analyst,Analyst/Engineer Level
Sr. Quantitative Finance Analyst,Financial Analyst,Analyst/Engineer Level
Cyber Security Intrusion Analyst,Security Analyst,Analyst/Engineer Level
"Data Management, Landscape Governance Program Analyst (Analyst)",Data Analyst,Analyst/Engineer Level
Senior Quantitative Analyst - Model Developer,Quantitative Analyst,Analyst/Engineer Level
"Reference Data, Index Pricing, Analyst",Data Analyst,Analyst/Engineer Level
"Reference Data, Instrument Reference Data Operations, Analyst",Data Analyst,Analyst/Engineer Level
Production Support - Rates,Unknown,Unknown
"Reference Data, Asset Pricing, Analyst",Data Analyst,Analyst/Engineer Level
Team Manager - Apps Prog,Other Manager level,Manager Level
"Reference Data Operations, Pricing Operations, Analyst",Data Analyst,Analyst/Engineer Level
Corporate Treasury - Finance & Risk Data Operations - Analyst,Data Analyst,Analyst/Engineer Level
Corporate Treasury - Financial Analysis - Analyst,Other Analysts,Analyst/Engineer Level
"CIB Operations Interface Integrity and Capture Analyst - Tampa, FL",Operations Analyst,Analyst/Engineer Level
Client Processing Manager,Other Manager level,Manager Level
Lead Data Scientist - Analyst,Data Analyst,Analyst/Engineer Level
Analyst,Other Analysts,Analyst/Engineer Level
Data Science Analyst,Data Analyst,Analyst/Engineer Level
Supply Chain Analyst - Data Quality,Supply Chain Analyst,Analyst/Engineer Level
"Analyst, Digital Content",Other Analysts,Analyst/Engineer Level
Finance Data Analysis Advisor-Commercial Trade PBM,Other Advisor,Lead/Advisor Level
Financial Analyst,Financial Analyst,Analyst/Engineer Level
Chronic Care Data Analysis,Unknown,Unknown
Data Engineer/Analyst - HEDIS Data,Data Analyst,Analyst/Engineer Level
Senior Data Engineer/Analyst (HEDIS),Data Analyst,Analyst/Engineer Level
Client Analyst Training Program,Client Analyst,Analyst/Engineer Level
"Contract Operations Analyst, Senior",Operations Analyst,Analyst/Engineer Level
Consultant - Medicare Ops Med D,Other Consultant level,Consultant Level
Appeal and Grievance Consultant,Other Consultant level,Consultant Level
Information Senior Security Engineer,Other Engineer level,Analyst/Engineer Level
The Home Depot PRO - Pricing Analyst,Pricing Analyst,Analyst/Engineer Level
Logistics Analyst - Last Mile Operations Performance Team,Operations Analyst,Analyst/Engineer Level
Sr Logistics Analyst-2,Logistics Analyst,Analyst/Engineer Level
"Lead Info Security Analyst, CSIRT - Grace Hopper Conference",Security Analyst,Analyst/Engineer Level
"Data Engineer, Mission Control",Data Engineer,Analyst/Engineer Level
"Financial Analyst II, Corporate FP&A",Financial Analyst,Analyst/Engineer Level
"Data Engineer, Supply Chain",Data Engineer,Analyst/Engineer Level
Associate Privacy and Data Protection,Other Associate level,Associate Level
Financial Analyst II,Financial Analyst,Analyst/Engineer Level
Project Controls Analyst,Other Analysts,Analyst/Engineer Level
"Workforce Analyst, Mission Control",Other Analysts,Analyst/Engineer Level
Senior Statistician - Watson Health,Unknown,Unknown
"Lead Researcher, HEOR - Watson Health",Researcher,Scientist/Reseacher Level
Associate Vendor Manager,Other Manager level,Manager Level
"Senior Researcher, HEOR - Watson Health",Researcher,Scientist/Reseacher Level
"Sr Business Intelligence Engineer, Talent Management Analytics",Business Intelligence Engineer,Analyst/Engineer Level
Sr Financial Analyst,Financial Analyst,Analyst/Engineer Level
Security Engineer II Threat Intelligence,Other Engineer level,Analyst/Engineer Level
Lead Fulfillment Associate,Fulfillment Associate,Associate Level
Front-End Developer,Other Developer level,Developer/Architect Level
DPA7 (ITX1) Lead Fulfillment Associate (Tier 3),Fulfillment Associate,Associate Level
"Sr. Finance Analyst, Amazon Air",Financial Analyst,Analyst/Engineer Level
Senior Financial Analyst (Nationwide Opportunities),Financial Analyst,Analyst/Engineer Level
MCO6 (IVSD) Lead Fulfillment Associate (Tier 3),Fulfillment Associate,Associate Level
MCI7 Lead Fulfillment Associate (Tier 3),Fulfillment Associate,Associate Level
"Regional Maintenance Program Manager, Amazon Air",Program Manager,Manager Level
Senior Maintenance Manager,Other Manager level,Manager Level
RME Regional Maintenance Manager,Other Manager level,Manager Level
Sr Maintenance Manager,Other Manager level,Manager Level
RME Senior Maintenance Manager,Other Manager level,Manager Level
Data Scientist I,Data Scientist,Scientist/Reseacher Level
Data Scientist,Data Scientist,Scientist/Reseacher Level
Citizen Data Scientist,Data Scientist,Scientist/Reseacher Level
Card Data Scientist,Data Scientist,Scientist/Reseacher Level
Machine Learning Engineer - Core Engineering,Machine Learning Engineer,Analyst/Engineer Level
Software Engineer Specialty - Big Data Engineer/Data Scientist,Data Scientist,Scientist/Reseacher Level
Machine Learning Research Scientist,Research Scientist,Scientist/Reseacher Level
Python/Data Engineer,Data Engineer,Analyst/Engineer Level
User Experience Researcher II,Researcher,Scientist/Reseacher Level
Data Scientist and Analytics Associate Sr,Data Scientist,Scientist/Reseacher Level
"Principal Associate, Data Science",Data Science Associate,Associate Level
THOR (NFACT) Application Development Lead for Chief Data Scientist Organization (CDSO),Data Scientist,Scientist/Reseacher Level
Principal User Experience Researcher,Researcher,Scientist/Reseacher Level
Data Scientist Associate Sr,Data Scientist,Scientist/Reseacher Level
Data Engineer,Data Engineer,Analyst/Engineer Level
Data Engineer - CIMD Technology,Data Engineer,Analyst/Engineer Level
Market Data Engineer,Data Engineer,Analyst/Engineer Level
Senior User Experience Researcher,Researcher,Scientist/Reseacher Level
Senior User Experience Researcher 1,Researcher,Scientist/Reseacher Level
Senior Data Scientist,Data Scientist,Scientist/Reseacher Level
Data Engineer – CIMD Technology,Data Engineer,Analyst/Engineer Level
Business Systems Consultant 5 - ADA/Accessibility Researcher,Researcher,Scientist/Reseacher Level
"Data Engineer (Spark, Python)",Data Engineer,Analyst/Engineer Level
Data Scientist Lead,Data Scientist,Scientist/Reseacher Level
Senior User Experience Researcher II,Researcher,Scientist/Reseacher Level
Data Engineer - Measurement - Tech Risk,Data Engineer,Analyst/Engineer Level
"Data Engineer, Associate",Data Engineer,Analyst/Engineer Level
BB&T Senior UX Researcher,Researcher,Scientist/Reseacher Level
Data Scientist - Marcus by Goldman Sachs Decision and Lending,Data Scientist,Scientist/Reseacher Level
AI Research Scientist - Senior Associate,Research Scientist,Scientist/Reseacher Level
Data Engineer (DE - Client Data Engineering) - Data Design & Cura,Data Engineer,Analyst/Engineer Level
Data Scientist Associate Sr - Wholesale Payments,Data Scientist,Scientist/Reseacher Level
Senior UX Researcher II,Researcher,Scientist/Reseacher Level
"Sr. Manager, Data Scientist",Data Scientist,Scientist/Reseacher Level
"Manager, Data Science",Data Science Manager,Manager Level
Lead Data Engineer – QIS Technology,Data Engineer,Analyst/Engineer Level
Software Data Engineer - Python,Data Engineer,Analyst/Engineer Level
Master Data Engineer,Data Engineer,Analyst/Engineer Level
AI Research Scientist - Sr Assoc,Research Scientist,Scientist/Reseacher Level
Senior Data Engineer - GSAM Data Distribution,Data Engineer,Analyst/Engineer Level
"Senior Associate, Data Science",Data Science Associate,Associate Level
"Senior Manager, Data Scientist - NLP",Data Scientist,Scientist/Reseacher Level
"Master, Data Engineer",Data Engineer,Analyst/Engineer Level
Big Data Engineer,Data Engineer,Analyst/Engineer Level
"Manager, Data Science - US Card",Data Science Manager,Manager Level
Senior/Staff Applied AI Machine Learning Engineer,Machine Learning Engineer,Analyst/Engineer Level
Commercial Banking – Senior Data Scientist – VP,Data Scientist,Scientist/Reseacher Level
Senior Research Scientist (United Income),Research Scientist,Scientist/Reseacher Level
Senior Applied AI ML Engineer,Other Engineer level,Analyst/Engineer Level
Big Data Engineer / Modeler,Data Engineer,Analyst/Engineer Level
Sr.Data Scientist - Software Engineer VP,Data Scientist,Scientist/Reseacher Level
Commercial Bank AI/ML Engineering Leader,Other Engineer level,Analyst/Engineer Level
"Senior Manager, Machine Learning Engineer",Machine Learning Engineer,Analyst/Engineer Level
AI Research Scientist - Vice President,Research Scientist,Scientist/Reseacher Level
Lead Data Engineer,Data Engineer,Analyst/Engineer Level
AWM - AI Engineering - Financial Data Scientist - Python - Sr Associate,Data Scientist,Scientist/Reseacher Level
Sr. Machine Learning- Software Engineer VP,Software Engineer,Analyst/Engineer Level
CCB -Home Lending - Data Scientist - Marketing Analytics - Vice President,Data Scientist,Scientist/Reseacher Level
Commercial Banking - Global Services Insights & Analytics – Senior Data Scientist – VP,Data Scientist,Scientist/Reseacher Level
Design Researcher,Researcher,Scientist/Reseacher Level
ETL Big Data Engineer,Data Engineer,Analyst/Engineer Level
UX Researcher,Researcher,Scientist/Reseacher Level
AWM - AI Engineering  - Senior Financial Data Scientist - Python - Vice President,Data Scientist,Scientist/Reseacher Level
Lead Design Researcher,Researcher,Scientist/Reseacher Level
Consumer & Community Banking - Lead Data Scientist - Vice President (Jersey City or Delaware),Data Scientist,Scientist/Reseacher Level
"Vice President, Senior Data Engineer - Analytics",Data Engineer,Analyst/Engineer Level
Consumer & Community Banking - Lead Data Scientist - Vice President,Data Scientist,Scientist/Reseacher Level
Senior BIG DATA Engineer,Data Engineer,Analyst/Engineer Level
"CIB - User Experience Researcher, Vice President",Researcher,Scientist/Reseacher Level
Senior AWS Cloud Data Engineer,Data Engineer,Analyst/Engineer Level
Data Scientist- Advisor,Data Scientist,Scientist/Reseacher Level
"Data Scientist, Media Mix Modeling - HBO Max",Data Scientist,Scientist/Reseacher Level
Senior Machine Learning Engineer (Multiple Openings),Machine Learning Engineer,Analyst/Engineer Level
Data Science - Retail Personalization Analytics,Unknown,Unknown
Senior Scientist,Other Scientists,Scientist/Reseacher Level
"Associate Data Scientist, Online",Data Scientist,Scientist/Reseacher Level
Sr. Researcher - Advanced 3D Computer Vision and Graphics Research,Researcher,Scientist/Reseacher Level
Lead UX Researcher - HBO Max,Researcher,Scientist/Reseacher Level
"Advisor, Data Science EVG",Data Science Advisor,Lead/Advisor Level
Associate Data Scientist,Data Scientist,Scientist/Reseacher Level
AI/ML Systems Engineer,Other Engineer level,Analyst/Engineer Level
"Senior Scientist, Biomarker Research",Other Scientists,Scientist/Reseacher Level
Senior Data Scientist (Remote) - 72191BR,Data Scientist,Scientist/Reseacher Level
Senior Machine Learning Engineer - Search Recommendation,Machine Learning Engineer,Analyst/Engineer Level
R&D Senior Scientist- Qualitative Researcher,Researcher,Scientist/Reseacher Level
Data Engineer Analytics and Innovation,Data Engineer,Analyst/Engineer Level
Sr. Research Scientist,Research Scientist,Scientist/Reseacher Level
"Data Scientist, Online Search",Data Scientist,Scientist/Reseacher Level
eCom Data Engineer,Data Engineer,Analyst/Engineer Level
eCom Senior Data Scientist,Data Scientist,Scientist/Reseacher Level
"Associate Director, Clinical Research Scientist",Research Scientist,Scientist/Reseacher Level
Sr. Researcher - Advanced 3D Computer Vision and Graphics,Researcher,Scientist/Reseacher Level
ASSOCIATE DATA SCIENTIST SPACE OPTIMIZATION,Data Scientist,Scientist/Reseacher Level
eCom Data Scientist,Data Scientist,Scientist/Reseacher Level
"Principal Scientist, Lead Evaluation Process & Screening Automation ",Other Scientists,Scientist/Reseacher Level
eCom Senior Data Engineer,Data Engineer,Analyst/Engineer Level
Project Physician,Unknown,Unknown
"Advisor, Data Science",Data Science Advisor,Lead/Advisor Level
eCommerce Data Scientist,Data Scientist,Scientist/Reseacher Level
"Associate Director, Principal Research Scientist, U.S. Medical Affairs- CAR-T",Research Scientist,Scientist/Reseacher Level
Data Science - Advisor,Data Science Advisor,Lead/Advisor Level
eCom Senior Machine Learning Engineer,Machine Learning Engineer,Analyst/Engineer Level
"Data Scientist, Analytics Advisor",Data Scientist,Scientist/Reseacher Level
Data Engineer - 72683BR,Data Engineer,Analyst/Engineer Level
Data Engineer - Big Data Analytics,Data Engineer,Analyst/Engineer Level
Data Engineer - 72682BR,Data Engineer,Analyst/Engineer Level
Sr. Data Engineer,Data Engineer,Analyst/Engineer Level
Lead Data Scientist,Data Scientist,Scientist/Reseacher Level
Data Engineer - Front Store Personalization,Data Engineer,Analyst/Engineer Level
Sr UX Researcher - 73966BR,Researcher,Scientist/Reseacher Level
Data Engineer - Senior Consultant,Data Engineer,Analyst/Engineer Level
Senior Data Engineer - Retail Analytics,Data Engineer,Analyst/Engineer Level
Data Engineer - Clinical Trials,Data Engineer,Analyst/Engineer Level
Data Engineer - Geospatial Specialist,Data Engineer,Analyst/Engineer Level
"Data Engineer - Data Governance, Advisor",Data Engineer,Analyst/Engineer Level
Data Scientist - 72560BR,Data Scientist,Scientist/Reseacher Level
Senior Data Engineer - Geospatial Specialist,Data Engineer,Analyst/Engineer Level
Data Engineer - Big Data Analytics Advisor,Data Engineer,Analyst/Engineer Level
Lead Data Scientist - R74645BR,Data Scientist,Scientist/Reseacher Level
Data Scientist - Executive Advisor Analytics,Data Scientist,Scientist/Reseacher Level
Lead Data Scientist - Clinical Trials,Data Scientist,Scientist/Reseacher Level
Senior Data Engineer - Big Data Analytics,Data Engineer,Analyst/Engineer Level
Principal Data Scientist,Data Scientist,Scientist/Reseacher Level
Principal Data Scientist - 70445BR,Data Scientist,Scientist/Reseacher Level
Data Engineer - Specialty Analytics Advisor,Data Engineer,Analyst/Engineer Level
Data Scientist - Advisor (IDS),Data Scientist,Scientist/Reseacher Level
Lead Data Scientist - 72480BR,Data Scientist,Scientist/Reseacher Level
Analytics Data Scientist Senior Advisor,Data Scientist,Scientist/Reseacher Level
"Data Scientist- Senior Manager, Pharmacy Personalization",Data Scientist,Scientist/Reseacher Level
Lead Data Scientist - 73839BR,Data Scientist,Scientist/Reseacher Level
"Data Scientist - Health Outcomes, Advisor",Data Scientist,Scientist/Reseacher Level
Principal Data Scientist - 73841BR,Data Scientist,Scientist/Reseacher Level
Lead Data Engineer - RX Personalization Executive Advisor,Data Engineer,Analyst/Engineer Level
Deep Learning Data Scientist,Data Scientist,Scientist/Reseacher Level
Sr. Data Scientist Leadership Program (DSLP),Data Scientist,Scientist/Reseacher Level
"Data Scientist, Product Analytics",Data Scientist,Scientist/Reseacher Level
Machine Learning Data Scientist,Data Scientist,Scientist/Reseacher Level
Machine Learning Engineer,Machine Learning Engineer,Analyst/Engineer Level
Sr. AI Scientist,AI Scientist,Scientist/Reseacher Level
Product Insights Researcher,Researcher,Scientist/Reseacher Level
Imaging Data Scientist (AI Applications),Data Scientist,Scientist/Reseacher Level
Lead AI Scientist - Optimization,AI Scientist,Scientist/Reseacher Level
Data Scientist 5,Data Scientist,Scientist/Reseacher Level
Data Scientist IBM Tech Re-Entry,Data Scientist,Scientist/Reseacher Level
Lead AI Scientist - Deals Personalization (Recommender Systems),AI Scientist,Scientist/Reseacher Level
Research Scientist,Research Scientist,Scientist/Reseacher Level
"Data Scientist, Finance",Data Scientist,Scientist/Reseacher Level
Sr Product Researcher,Researcher,Scientist/Reseacher Level
"Data Scientist, Operations Research",Data Scientist,Scientist/Reseacher Level
Sr Data Engineer - Marketing,Data Engineer,Analyst/Engineer Level
Data Scientist 3 odc_prod-dev_us),Data Scientist,Scientist/Reseacher Level
"Data Scientist, Analytics - Ads Fairness",Data Scientist,Scientist/Reseacher Level
"Machine Learning Engineer for Habana Labs, an Intel Company",Machine Learning Engineer,Analyst/Engineer Level
CMTS IC5 - ML Cognitive Services NLP Data Scientist (JoinOCI),Data Scientist,Scientist/Reseacher Level
Sr Design Researcher - Target Creative,Researcher,Scientist/Reseacher Level
"Data Scientist, Analytics - Instagram Ecosystems",Data Scientist,Scientist/Reseacher Level
Security Machine Learning Data Scientist,Data Scientist,Scientist/Reseacher Level
Sr. Data Scientist (SRE),Data Scientist,Scientist/Reseacher Level
"Data Scientist, Analytics - Family Ecosystems",Data Scientist,Scientist/Reseacher Level
"Principal ""Cognitive"" Data Scientist (JoinOCI)",Data Scientist,Scientist/Reseacher Level
Entry Level Associate Data Scientist - East Lansing,Data Scientist,Scientist/Reseacher Level
Principal Cognitive-Decision Data Scientist (JoinOCI),Data Scientist,Scientist/Reseacher Level
"Data Scientist, Analytics - Messaging Platform",Data Scientist,Scientist/Reseacher Level
Data Scientist - Campus Network,Data Scientist,Scientist/Reseacher Level
Principal Cognitive Decision Services Data Scientist,Data Scientist,Scientist/Reseacher Level
"Data Scientist, Analytics - Business Integrity",Data Scientist,Scientist/Reseacher Level
Watson Health - Research Analyst,Research Analyst,Analyst/Engineer Level
Research Scientist - Intelligent Systems,Research Scientist,Scientist/Reseacher Level
"Research Scientist, STE",Research Scientist,Scientist/Reseacher Level
Business Intelligence/Data Software Engineer - Contract,Software Engineer,Analyst/Engineer Level
"Data Scientist, Analytics - Messaging Search",Data Scientist,Scientist/Reseacher Level
Photonics Researcher,Researcher,Scientist/Reseacher Level
CMTS ML/ Cognitive Data Scientist 5 (JoinOCI),Data Scientist,Scientist/Reseacher Level
Security researcher,Researcher,Scientist/Reseacher Level
Entry Level - Associate Developer,Other Associate level,Associate Level
"Data Engineer, Analytics",Data Engineer,Analyst/Engineer Level
Asynchronous Design Researcher,Researcher,Scientist/Reseacher Level
Principal Machine Learning Engineer,Machine Learning Engineer,Analyst/Engineer Level
"Research Scientist, Policy Analysis",Research Scientist,Scientist/Reseacher Level
Offensive Security Researcher,Researcher,Scientist/Reseacher Level
Big Data engineer (odc_prod-dev_us),Data Engineer,Analyst/Engineer Level
Mathematical Hardware Engineer,Other Engineer level,Analyst/Engineer Level
"Principal Machine Learning Engineer, Data Flow Team (JoinOCI-SDE)",Machine Learning Engineer,Analyst/Engineer Level
Big Data Engineer | Opower Data Services,Data Engineer,Analyst/Engineer Level
BIOS Security Researcher,Researcher,Scientist/Reseacher Level
"Data Scientist, Product Analytics - Epidemic Response",Data Scientist,Scientist/Reseacher Level
"Product Manager, Moat Outcomes",Product Manager,Manager Level
IPAS Security Hardware Researcher,Researcher,Scientist/Reseacher Level
"Data Engineer, Product Analytics",Product Analyst,Analyst/Engineer Level
IC5-CMTS - Cognitive Services Decision Data Scientist: Cloud Engineering Infrastructure Development,Data Scientist,Scientist/Reseacher Level
Entry Level Associate Package Consultant,Other Consultant level,Consultant Level
Advanced Design Construction and Verification Researcher,Researcher,Scientist/Reseacher Level
Oracle Cloud Infrastructure - Senior Cognitive-Decision Data Scientist (JoinOCI),Data Scientist,Scientist/Reseacher Level
Entry Level Data Engineer: 2021 (Watson Advertising & Weather),Data Engineer,Analyst/Engineer Level
Senior UX Researcher,Researcher,Scientist/Reseacher Level
Entry Level Associate Application Developer - East Lansing,Other Associate level,Associate Level
Data Engineer (TS//SCI),Data Engineer,Analyst/Engineer Level
"Data Scientist, Instagram Well-being (Equity & Inclusion)",Data Scientist,Scientist/Reseacher Level
"Sr. Data Engineer (OCI), Cloud Engineering Infrastructure Development (JoinOCI-SDE)",Data Engineer,Analyst/Engineer Level
"Cloud Pak for Data, Data Engineer",Data Engineer,Analyst/Engineer Level
"Research Scientist, Product Algorithms",Research Scientist,Scientist/Reseacher Level
Senior UX Researcher (ERP),Researcher,Scientist/Reseacher Level
Data Scientist-Machine Learning (TS/SCI + Full Scope Poly),Data Scientist,Scientist/Reseacher Level
"Senior Data Engineer (OCI), Cloud Infrastructure Development (JoinOCI-SDE)",Data Engineer,Analyst/Engineer Level
Data Engineer (Marketing Analytics),Data Engineer,Analyst/Engineer Level
Principal Member of Technical Staff - Cloud Engineer Infrastructure Development (JOINOCI-SDE),Other Engineer level,Analyst/Engineer Level
Junior User Researcher : 2021 (Watson Advertising & Weather),Researcher,Scientist/Reseacher Level
"Data Scientist, Auction and Delivery",Data Scientist,Scientist/Reseacher Level
Infrastructure Data Engineer,Data Engineer,Analyst/Engineer Level
Decision Scientist,Other Scientists,Scientist/Reseacher Level
"Data Scientist, Analytics - Groups Ranking and Growth",Data Scientist,Scientist/Reseacher Level
"Research Scientist, Novi Economics",Research Scientist,Scientist/Reseacher Level
"Research Scientist, Economics",Research Scientist,Scientist/Reseacher Level
"Data Scientist, Analytics - Ads Delivery (App Monetization)",Data Scientist,Scientist/Reseacher Level
Researcher,Researcher,Scientist/Reseacher Level
Entry Level Associate Application Developer - .Net,Other Associate level,Associate Level
"Research Scientist, Core ML",Research Scientist,Scientist/Reseacher Level
Security UX Researcher,Researcher,Scientist/Reseacher Level
"Data Scientist, Auction and Delivery ",Data Scientist,Scientist/Reseacher Level
Return to Work - Infrastructure Data Scientist,Data Scientist,Scientist/Reseacher Level
Research Scientist Leader,Research Scientist,Scientist/Reseacher Level
"Quantum Computing Applications Researcher (Yorktown Heights, NY)",Researcher,Scientist/Reseacher Level
"Data Engineer, Analytics (Instagram Well Being)",Data Engineer,Analyst/Engineer Level
"Research Scientist, Economics and Policy Research",Research Scientist,Scientist/Reseacher Level
"Research Scientist, Systems ML",Research Scientist,Scientist/Reseacher Level
Entry Level Associate Package Consultant - SAP Finance,Other Consultant level,Consultant Level
Design Researcher Apprentice,Researcher,Scientist/Reseacher Level
"Data Scientist, Analytics - Sales & Marketing Interfaces",Data Scientist,Scientist/Reseacher Level
Entry Level Associate Developer: Z-System Modernization,Other Associate level,Associate Level
"Research Scientist, Vision",Research Scientist,Scientist/Reseacher Level
Solution Architect (TS/SCI + Full Scope Poly),Other Architect level,Developer/Architect Level
"Data Engineer, Analytics (Product Foundation)",Data Engineer,Analyst/Engineer Level
"Research Scientist, Language",Research Scientist,Scientist/Reseacher Level
Well-being Quantitative Researcher,Quantitative Researcher,Scientist/Reseacher Level
"People Research Scientist, People Analytics Talent Framework",Research Scientist,Scientist/Reseacher Level
"Research Scientist, Applied Perception Science",Research Scientist,Scientist/Reseacher Level
Biometrics Research Scientist,Research Scientist,Scientist/Reseacher Level
"Data Engineer, GMS",Data Engineer,Analyst/Engineer Level
"Quantitative Market Researcher, Growth",Market Researcher,Scientist/Reseacher Level
"Data Engineer, Analytics (Family Ecosystems)",Data Engineer,Analyst/Engineer Level
"Applied Research Scientist, Computer Vision",Research Scientist,Scientist/Reseacher Level
"Data Engineer, Analytics (Ad Monetization and Delivery)",Data Engineer,Analyst/Engineer Level
"Research Scientist, Artificial Intelligence (PhD)",Research Scientist,Scientist/Reseacher Level
"Research Scientist, Novi Economics (PhD)",Research Scientist,Scientist/Reseacher Level
"Quantitative Researcher, New Product Experimentation (NPE)",Quantitative Researcher,Scientist/Reseacher Level
"Quantitative Researcher, Growth - University Grad",Quantitative Researcher,Scientist/Reseacher Level
Quantitative Researcher (Civic Integrity),Quantitative Researcher,Scientist/Reseacher Level
Data Engineer (Messenger),Data Engineer,Analyst/Engineer Level
Qualitative AI User Experience Researcher,Researcher,Scientist/Reseacher Level
"Data Engineer, Infrastructure Strategy",Data Engineer,Analyst/Engineer Level
Data Engineer (Public Content Monetization),Data Engineer,Analyst/Engineer Level
"Analyst, Partnerships Science, Music",Other Analysts,Analyst/Engineer Level
"Data Engineer, Partnerships Central Systems, Data & Tools",Data Engineer,Analyst/Engineer Level
"Data Engineer, Partnerships Central Systems, Data and Tools",Data Engineer,Analyst/Engineer Level
"Research Scientist, Product Algorithms (PhD)",Research Scientist,Scientist/Reseacher Level
"Research Scientist, Marketing Science SBG",Research Scientist,Scientist/Reseacher Level
AI UX Researcher ,Researcher,Scientist/Reseacher Level
Quantitative UX Researcher ,Quantitative Researcher,Scientist/Reseacher Level
"Research Scientist, Demography and Survey Science - University Grad",Research Scientist,Scientist/Reseacher Level
Return to Work - Infrastructure Data Engineer,Data Engineer,Analyst/Engineer Level
Research Scientist - Physical Modeling,Research Scientist,Scientist/Reseacher Level
"Qualitative UX Researcher, Growth",Researcher,Scientist/Reseacher Level
"Mixed Methods Researcher, Growth (Menlo Park)",Researcher,Scientist/Reseacher Level
"Quantitative UX Researcher, Facebook App",Quantitative Researcher,Scientist/Reseacher Level
"Data Science Manager, Messenger",Data Science Manager,Manager Level
"Research Scientist, Flexible/Stretchable Electronics",Research Scientist,Scientist/Reseacher Level
"Research Scientist, East Coast Computer Vision - ECCV (PhD)",Research Scientist,Scientist/Reseacher Level
"UX Researcher, Instagram Well-being Research Team — Equity",Researcher,Scientist/Reseacher Level
Research Scientist - Advanced Sensor and Tracking Systems,Research Scientist,Scientist/Reseacher Level
Qualitative UX Researcher (Ads  &  Business Platform),Researcher,Scientist/Reseacher Level
"Recruiting Lead, Data Science",Unknown,Unknown
"Research Scientist, Computational Photography (PhD)",Research Scientist,Scientist/Reseacher Level
Research Scientist - Geometric Optics  &  System Integration,Research Scientist,Scientist/Reseacher Level
Senior Research Scientist - Adaptive Experimentation,Research Scientist,Scientist/Reseacher Level
Research Scientist - Geometric Optics & System Integration,Research Scientist,Scientist/Reseacher Level
"Postdoctoral Researcher, Artificial Intelligence (PhD)",Researcher,Scientist/Reseacher Level
"UX Researcher, Enterprise",Researcher,Scientist/Reseacher Level
Research Scientist - Silicon Systems and Camera Sensors,Research Scientist,Scientist/Reseacher Level
"Postdoctoral Researcher, Text and People - TAP (PhD)",Researcher,Scientist/Reseacher Level
"Postdoctoral Research Scientist, Auditory Spatial Perception (PhD)",Research Scientist,Scientist/Reseacher Level
"Research Scientist- Electro-Optic Device Modeling, Fabrication and Testing",Research Scientist,Scientist/Reseacher Level
"Postdoctoral Research Scientist, Adaptive Interaction (PhD)",Research Scientist,Scientist/Reseacher Level
"Postdoctoral Research Scientist, On-Sensor Compute Development (PhD)",Research Scientist,Scientist/Reseacher Level
FRL Researcher Tools Software Engineer,Researcher,Scientist/Reseacher Level
Postdoctoral Research Scientist - Array Signal Processing/ML (PhD),Research Scientist,Scientist/Reseacher Level
"Postdoctoral Researcher, Computational Linguistics (PhD)",Researcher,Scientist/Reseacher Level
"Postdoctoral Research Scientist, Holographic Optical Elements (PhD)",Research Scientist,Scientist/Reseacher Level
Data Scientist III,Data Scientist,Scientist/Reseacher Level
Data Scientist II,Data Scientist,Scientist/Reseacher Level
Data Scientist III for AdsEcon,Data Scientist,Scientist/Reseacher Level
Machine Learning Engineer II,Machine Learning Engineer,Analyst/Engineer Level
Sr. Applied Scientist,Applied Scientist,Scientist/Reseacher Level
Data Scientist II for AdsEcon,Data Scientist,Scientist/Reseacher Level
Applied Scientist Manager - Machine Learning,Applied Scientist,Scientist/Reseacher Level
Senior Data Scientist Marketing Analytics,Data Scientist,Scientist/Reseacher Level
Senior Machine Learning Engineer,Machine Learning Engineer,Analyst/Engineer Level
Sr. Machine Learning Engineer,Machine Learning Engineer,Analyst/Engineer Level
Data Engineer II,Data Engineer,Analyst/Engineer Level
Senior Data Engineer - Analytics,Data Engineer,Analyst/Engineer Level
Data Engineer III,Data Engineer,Analyst/Engineer Level
"Senior Research Scientist, Amazon Alexa AI",Research Scientist,Scientist/Reseacher Level
Sr. Data Scientist,Data Scientist,Scientist/Reseacher Level
Sr Applied Scientist,Applied Scientist,Scientist/Reseacher Level
Senior Data Scientist - Amazon Search,Data Scientist,Scientist/Reseacher Level
Senior Applied Scientist,Applied Scientist,Scientist/Reseacher Level
Sr Data Scientist,Data Scientist,Scientist/Reseacher Level
Economist III,Economist,Lead/Advisor Level
"Senior Data Scientist, Global Finance Operations",Data Scientist,Scientist/Reseacher Level
Sr Data Engineer,Data Engineer,Analyst/Engineer Level
Senior User Researcher,Researcher,Scientist/Reseacher Level
HR Finance Data Engineer III,Data Engineer,Analyst/Engineer Level
Senior Machine Learning Applied Scientist - Video Shopping,Applied Scientist,Scientist/Reseacher Level
Senior Data Scientist--Demand Forecasting,Data Scientist,Scientist/Reseacher Level
Sr. Data Scientist - Finance Operations,Data Scientist,Scientist/Reseacher Level
Sr. Business Intelligence Engineer - Risk Intelligence,Business Intelligence Engineer,Analyst/Engineer Level
"Data Engineer II, AIR BI, Amazon AIR",Data Engineer,Analyst/Engineer Level
"Senior Applied Scientist, Machine Learning",Applied Scientist,Scientist/Reseacher Level
"Manager, Data Engineering - FinTech",Data Engineer,Analyst/Engineer Level
"Manager, Machine Learning Solutions Lab",Machine Learning Manager,Manager Level
"Sr.Data Scientist, Prime Video",Data Scientist,Scientist/Reseacher Level
"UX Researcher, Alexa Research Insights Manager",Researcher,Scientist/Reseacher Level
Data Engineer II - FinTech,Data Engineer,Analyst/Engineer Level
Senior Data Engineer - FinTech,Data Engineer,Analyst/Engineer Level
Research Scientist III,Research Scientist,Scientist/Reseacher Level
Sr. User Researcher - Alexa,Researcher,Scientist/Reseacher Level
"Senior Frontend Engineer, Amazon SageMaker",Other Engineer level,Analyst/Engineer Level
"Sr. Data Engineer, Prime Video",Data Engineer,Analyst/Engineer Level
Data Engineer II (L5) - Business Data Technologies,Data Engineer,Analyst/Engineer Level
"Senior Data Scientist, WW Ops Analytics",Data Scientist,Scientist/Reseacher Level
Senior User Researcher - Alexa Automotive,Researcher,Scientist/Reseacher Level
Senior Data Engineer - Amazon Publisher Service,Data Engineer,Analyst/Engineer Level
Sr. Data Engineer - FinTech,Data Engineer,Analyst/Engineer Level
Data Science and Business Intelligence Engineering Manager,Business Intelligence Engineer,Analyst/Engineer Level
"Sr.Data Engineer, Prime Video",Data Engineer,Analyst/Engineer Level
Software Development Engineering,Software Engineer,Analyst/Engineer Level
Senior Solutions Architect,Other Architect level,Developer/Architect Level
"Sr. UX Researcher, Hardware",Researcher,Scientist/Reseacher Level
Senior Product Manager Technical - Content Launch,Product Manager,Manager Level
"Senior Data Scientist, Global Mile",Data Scientist,Scientist/Reseacher Level
Senior User Experience Researcher - Delivery Experience,Researcher,Scientist/Reseacher Level
Business Intelligence Engineer II - Alexa Shopping,Business Intelligence Engineer,Analyst/Engineer Level
"Senior Data Engineer, Core AI",Data Engineer,Analyst/Engineer Level
Senior Technical Program Manager - Video Advertising,Technical Program Manager,Manager Level
Sr Data Engineer - Trend Analytics,Data Engineer,Analyst/Engineer Level
"Senior UX Researcher, Alexa Shopping",Researcher,Scientist/Reseacher Level
Sr Data Engineer - Architect,Data Engineer,Analyst/Engineer Level
Senior User Experience Researcher - Talent Products,Researcher,Scientist/Reseacher Level
Senior Data Engineer - Alexa,Data Engineer,Analyst/Engineer Level
"Sr Data Engineer, CS BI",Data Engineer,Analyst/Engineer Level
Sr. UX Researcher,Researcher,Scientist/Reseacher Level
Sr. Data Scientist- Central Ops Quality,Data Scientist,Scientist/Reseacher Level
Data Engineer II Direct Fulfillment,Data Engineer,Analyst/Engineer Level
"Sr. Research Scientist, Music",Research Scientist,Scientist/Reseacher Level
"Sr UX Researcher, Amazon Business",Researcher,Scientist/Reseacher Level
Sr. Big Data Engineer,Data Engineer,Analyst/Engineer Level
"Senior Data Engineer, Sustainability",Data Engineer,Analyst/Engineer Level
"Sr. Product Manager - Technical, Alexa AI Distributed Machine Learning",Machine Learning Manager,Manager Level
Senior Market Research Scientist,Research Scientist,Scientist/Reseacher Level
Senior Data Engineering Lead - Alexa Shopping,Data Engineer,Analyst/Engineer Level
Sr. UX Researcher- Alexa Voice Services,Researcher,Scientist/Reseacher Level
Sr UX Researcher,Researcher,Scientist/Reseacher Level
"Sr. UX Researcher VOC, Home Innovation Team",Researcher,Scientist/Reseacher Level
Senior Research Scientist,Research Scientist,Scientist/Reseacher Level
"Sr. Data Engineer, Alexa Music",Data Engineer,Analyst/Engineer Level
Research Scientist II,Research Scientist,Scientist/Reseacher Level
Software Development Engineer II,Software Engineer,Analyst/Engineer Level
Senior Reliability Scientist,Other Scientists,Scientist/Reseacher Level
Sr. Data Science and Language Data Research Manager,Data Science Manager,Manager Level
Sr. Software Development Manager,Other Manager level,Manager Level
Senior Data Scientist - Sponsored Products,Data Scientist,Scientist/Reseacher Level
Sr Data Engineer- Alexa Excellence,Data Engineer,Analyst/Engineer Level
"Senior Applied Scientist, Prime Video 2D-3D video understanding and scalable visual effects",Applied Scientist,Scientist/Reseacher Level
"Sr. Data Scientist, Middle Mile Simulation Systems",Data Scientist,Scientist/Reseacher Level
"Sr. Data Engineer, Amazon Global Communities",Data Engineer,Analyst/Engineer Level
"Manager, Economics and Science",Other Manager level,Manager Level
Business Intelligence Engineer Lead - Benefits,Business Intelligence Engineer,Analyst/Engineer Level
Sr. Product Manager - Tech,Product Manager,Manager Level
Senior Research Scientist Forecasting,Research Scientist,Scientist/Reseacher Level
Sr. Design Researcher,Researcher,Scientist/Reseacher Level
Sr Program Manager - Talent Acquisition Analytics,Analytics Manager,Manager Level
"Sr Data Engineer, Operations - Tech Services/ WW Ops Real Estate",Data Engineer,Analyst/Engineer Level
Senior Technical Program Manager,Technical Program Manager,Manager Level
Sr. Research Scientist - Forecasting,Research Scientist,Scientist/Reseacher Level
Senior Big Data Engineer - Search ML Data Platform,Data Engineer,Analyst/Engineer Level
Sr. Operations Research Scientist,Research Scientist,Scientist/Reseacher Level
"Sr. Data Engineer - SCAR team, supporting Global Specialty Fulfillment",Data Engineer,Analyst/Engineer Level
"Sr Research Scientist-Flight Controls, Prime Air",Research Scientist,Scientist/Reseacher Level
Investment Banking,Unknown,Unknown
"Associate - Equity Research / REIT - New York, NY",Other Associate level,Associate Level
Public Finance - Analyst / Associate,Financial Analyst,Analyst/Engineer Level
"Risk, Credit Risk, Financial Institutions / CCPs, Associate - Salt Lake City",Other Associate level,Associate Level
Bank Secrecy Act Analyst I,Other Analysts,Analyst/Engineer Level
Public Finance - Analyst,Financial Analyst,Analyst/Engineer Level
Capital Management - Senior Financial Analyst,Financial Analyst,Analyst/Engineer Level
"Financial Crime Compliance (FCC), Conduct and Integrity, Associate",Other Associate level,Associate Level
Senior Quantitative Analyst,Quantitative Analyst,Analyst/Engineer Level
Public Finance Analyst,Financial Analyst,Analyst/Engineer Level
"CIMD, Credit Alternatives, Renewable Power Group, Financial Operations, Analyst",Operations Analyst,Analyst/Engineer Level
CCB Portfolio Management Analyst 2,Other Analysts,Analyst/Engineer Level
Financial Consultant - Wealth Brokerage Service,Other Consultant level,Consultant Level
Corporate- Strategic Investments- Private Equity- Analyst,Investment Analyst,Analyst/Engineer Level
Enterprise Capital Management - Senior Financial Analyst,Financial Analyst,Analyst/Engineer Level
"Compliance, Financial Crime Compliance, Transaction Surveillance Group, Associate",Other Associate level,Associate Level
Senior Accountant,Unknown,Unknown
Financial Consultant - Wealth Brokerage Services,Other Consultant level,Consultant Level
Investment Banking - Regional Investment Banking - Family Coverage - Analyst,Investment Analyst,Analyst/Engineer Level
Senior Financial Analyst - Regulatory Capital Reporting and Consolidation Team,Financial Analyst,Analyst/Engineer Level
"CIMD - Marcus by Goldman Sachs - Financial Planning & Analysis - Associate - Wilmington, DE",Other Associate level,Associate Level
Corporate Treasury - Financial Analyst - Associate,Financial Analyst,Analyst/Engineer Level
"Compliance, Financial Crime Compliance, Transaction Surveillance Group, Vice President",Unknown,Unknown
"Wealth Management - Private Bank - Wealth Strategist - Dallas, TX",Unknown,Unknown
"Corporate Finance: Financial Accounting, Infrastructure & Reporting – Allocation & Attribution – Analyst",Financial Analyst,Analyst/Engineer Level
CB- Commercial Real Estate Portfolio Analyst,Other Analysts,Analyst/Engineer Level
"Wealth Management - Private Bank - Wealth Strategist - Chicago, IL",Unknown,Unknown
MORTGAGE ADVISORY - MORTGAGE ANALYST,Other Advisor,Lead/Advisor Level
CIB_Public Finance - Experienced Analyst/Associate_JPMC,Financial Analyst,Analyst/Engineer Level
"Marketing Financial Analyst, Sr Associate - Card Services",Financial Analyst,Analyst/Engineer Level
Securities Services - Client Service Analyst,Other Analysts,Analyst/Engineer Level
Supplier Assurance Services - Industry Utility Integration Associate,Other Associate level,Associate Level
Quantitative Team Lead,Unknown,Unknown
Merchant Portfolio Analyst,Other Analysts,Analyst/Engineer Level
Senior Claims Analyst,Other Analysts,Analyst/Engineer Level
Sr Claims Analyst,Other Analysts,Analyst/Engineer Level
CIS Principal Consultant / Manager,Other Manager level,Manager Level
CIS Principal Engineer,Other Engineer level,Analyst/Engineer Level
"Compliance, Financial Crime Compliance, KYC, Associate",Other Associate level,Associate Level
CIS Principal Engineer/Azure SME,Other Engineer level,Analyst/Engineer Level
"FCC, Anti-Bribery Group, Associate",Other Associate level,Associate Level
Client FIX OnBoarder - Futures Technology,Unknown,Unknown
Global Equities – Positioning Intelligence – Analyst,Other Analysts,Analyst/Engineer Level
Global Equities - Positioning Intelligence - Analyst,Other Analysts,Analyst/Engineer Level
CCBSI-Energy Analyst II,Other Analysts,Analyst/Engineer Level
Cybersecurity Operations Fraud Intelligence Analyst,Operations Analyst,Analyst/Engineer Level
Sr. Cybersecurity Analyst - Vulnerability Management,Security Analyst,Analyst/Engineer Level
Application Security /Vulnerability Management - Software Engineer VP,Software Engineer,Analyst/Engineer Level
Application Support Engineer with Windows & MS-SQL troubleshooting skills,Other Engineer level,Analyst/Engineer Level
Financial Planning & Analysis Analyst,Other Analysts,Analyst/Engineer Level
Finance Sr Analyst,Financial Analyst,Analyst/Engineer Level
FP&A Analyst,Other Analysts,Analyst/Engineer Level
Financial Reporting Analyst,Reporting Analyst,Analyst/Engineer Level
"Senior Analyst, Site Experience",Senior Analyst,Analyst/Engineer Level
Senior Financial Analyst - Technology Services,Financial Analyst,Analyst/Engineer Level
"Finance Analyst, Senior",Financial Analyst,Analyst/Engineer Level
"Senior Financial Analyst, Acquisition & Divestiture Operations",Financial Analyst,Analyst/Engineer Level
Senior Financial Analyst – Gross Profit Analytics & Supply Chain Product Management,Supply Chain Analyst,Analyst/Engineer Level
"Finance Planning Analyst, Senior",Financial Analyst,Analyst/Engineer Level
Financial Accounting Analyst,Financial Accounting Analyst,Analyst/Engineer Level
Financial Planning and Analysis Advisor - Retail,Other Advisor,Lead/Advisor Level
"Global Process FP&A Allocations, Senior Financial Analyst",Financial Analyst,Analyst/Engineer Level
Commercial FP&A Analyst,Other Analysts,Analyst/Engineer Level
Sr. Financial Accounting Analyst,Financial Accounting Analyst,Analyst/Engineer Level
"Senior Financial Analyst, Pro Finance",Financial Analyst,Analyst/Engineer Level
Sr. Financial Systems Analyst,Other Analysts,Analyst/Engineer Level
Financial Analyst - Trade Finance,Financial Analyst,Analyst/Engineer Level
Retail Financial Reporting Analyst,Reporting Analyst,Analyst/Engineer Level
Senior Financial Analyst - Supply Chain,Supply Chain Analyst,Analyst/Engineer Level
Pricing Financial Analyst,Financial Analyst,Analyst/Engineer Level
"Financial Analyst, Senior - Specialty Trade Finance",Financial Analyst,Analyst/Engineer Level
"Financial Analyst, Senior",Financial Analyst,Analyst/Engineer Level
"Financial Inventory Analyst, Senior",Inventory Analyst,Analyst/Engineer Level
Senior Financial Analyst - RPA Developer,Financial Analyst,Analyst/Engineer Level
Financial Analyst - Med D Trade Finance,Financial Analyst,Analyst/Engineer Level
Financial Analyst - Claims Adjustment,Financial Analyst,Analyst/Engineer Level
Financial Analyst - Client Payments,Financial Analyst,Analyst/Engineer Level
"Financial Analyst, Senior - Client Support",Financial Analyst,Analyst/Engineer Level
Senior Consultant Field Merchandising Ops - HI 1440747,Other Consultant level,Consultant Level
Financial Analyst Development Program (FADP),Financial Analyst,Analyst/Engineer Level
"Finance Analyst, Network Fiber",Financial Analyst,Analyst/Engineer Level
"Financial Analyst, NA Applications, Oracle Digital",Financial Analyst,Analyst/Engineer Level
 Financial Analyst Development Program (FADP),Financial Analyst,Analyst/Engineer Level
2021 Senior Financial Analyst - Graduate,Financial Analyst,Analyst/Engineer Level
Financial Analyst Development Program (FADP) Internship - Summer 2021,Financial Analyst,Analyst/Engineer Level
Financial Analyst II - Corporate Financial Planning and Analysis,Financial Analyst,Analyst/Engineer Level
"Principal Financial Analyst, NA Consulting",Financial Analyst,Analyst/Engineer Level
"Principal Financial Analyst, North America Applications",Financial Analyst,Analyst/Engineer Level
"Senior Financial Analyst, North America Cloud",Financial Analyst,Analyst/Engineer Level
"Senior Financial Analyst, KAD and Alliances & Channels (A&C)",Financial Analyst,Analyst/Engineer Level
"Financial Analyst II, Amazon Air",Financial Analyst,Analyst/Engineer Level
"Senior Financial Analyst, NA Applications, CX Sales",Financial Analyst,Analyst/Engineer Level
Financial Analyst II - DAC FP&A,Financial Analyst,Analyst/Engineer Level
"Finance Analyst II, Amazon Fresh Stores",Financial Analyst,Analyst/Engineer Level
"Sr Financial Analyst, PillPack",Financial Analyst,Analyst/Engineer Level
Senior Finance Analyst,Financial Analyst,Analyst/Engineer Level
"Financial Intelligence Unit Analyst, Novi",Other Analysts,Analyst/Engineer Level
"Offering Manager for security, risk management and compliance",Other Manager level,Manager Level
Sr Analyst User Experience & Adoption,Other Analysts,Analyst/Engineer Level
"Finance Analyst II, Amazon Logistics",Financial Analyst,Analyst/Engineer Level
"Senior Financial Analyst, Expansion Strategy",Financial Analyst,Analyst/Engineer Level
Senior Financial Analyst - Recruiting,Financial Analyst,Analyst/Engineer Level
Sr. Financial Analyst – Corp FP&A,Financial Analyst,Analyst/Engineer Level
"Senior Financial Analyst, International Consumer Finance",Financial Analyst,Analyst/Engineer Level
Sr. Financial Analyst - Alexa Finance,Financial Analyst,Analyst/Engineer Level
Senior Financial Analyst - Global Mile,Financial Analyst,Analyst/Engineer Level
"Senior Financial Analyst, Advertising FP&A",Financial Analyst,Analyst/Engineer Level
"Sr. Finance Analyst, Amazon Music",Financial Analyst,Analyst/Engineer Level
"Sr. Financial Analyst, Advertising Finance",Financial Analyst,Analyst/Engineer Level
Sr. Finance Analyst - Luna Finance,Financial Analyst,Analyst/Engineer Level
Senior Finance Analyst - Prime/Customer Insights,Financial Analyst,Analyst/Engineer Level
Sr. Financial Analyst - Corp Biz Dev,Financial Analyst,Analyst/Engineer Level
Senior Financial Analyst - Grocery Delivery,Financial Analyst,Analyst/Engineer Level
"Senior Financial Analyst, Last Mile",Financial Analyst,Analyst/Engineer Level
Senior Financial Analyst - Procurement,Financial Analyst,Analyst/Engineer Level
Sr Financial Analyst - Grocery Delivery,Financial Analyst,Analyst/Engineer Level
Senior Financial Analyst - Automated Marketing FP&A,Financial Analyst,Analyst/Engineer Level
"Senior Financial Analyst, Selling Partner Services FP&A",Financial Analyst,Analyst/Engineer Level
"Sr. Financial Analyst, Amazon Music",Financial Analyst,Analyst/Engineer Level
Senior Financial Analyst - Prime Video,Financial Analyst,Analyst/Engineer Level
"Senior Financial Analyst, NA Sort Centers",Financial Analyst,Analyst/Engineer Level
Senior Finance Analyst - Physical Stores,Financial Analyst,Analyst/Engineer Level
"Senior Financial Analyst, Transportation Services",Financial Analyst,Analyst/Engineer Level
"Senior Financial Analyst, Compute Sales",Financial Analyst,Analyst/Engineer Level
"Sr. Financial Analyst, Amazon Pharamcy Strategic Finance",Financial Analyst,Analyst/Engineer Level
"Senior Financial Analyst, Global Fleet & Products",Financial Analyst,Analyst/Engineer Level
Sr. Financial Analyst - Alexa,Financial Analyst,Analyst/Engineer Level
"Senior Financial Analyst, Kindle Content",Financial Analyst,Analyst/Engineer Level
"Senior Financial Analyst, Global Mile - Exports",Financial Analyst,Analyst/Engineer Level
Sr. Financial Analyst - Sustainable Transportation,Financial Analyst,Analyst/Engineer Level
Senior Accountant - Global Financial Accounting & Controls,Unknown,Unknown
"Senior Financial Analyst - Amazon Logistics, Last Mile",Financial Analyst,Analyst/Engineer Level
"Sr. Financial Analyst, WW Operations Finance LOA Rotation Program",Financial Analyst,Analyst/Engineer Level
Senior Financial Analyst - North America Customer Fulfillment,Financial Analyst,Analyst/Engineer Level
Sr. Financial Analyst - Fire TV,Financial Analyst,Analyst/Engineer Level
Sr. Finance Analyst – Inbound Logistics,Financial Analyst,Analyst/Engineer Level
Sr. Financial Analyst - Fuse and Mobile BD,Financial Analyst,Analyst/Engineer Level
Marketing Campaign Analyst,Marketing Analyst,Analyst/Engineer Level
"Analyst, Marketing Analytics (CRM) - HBO Max",Marketing Analyst,Analyst/Engineer Level
SharePoint Business Analyst,Business Analyst,Analyst/Engineer Level
Business Banking-Sr Marketing Associate,Marketing Associate,Associate Level
"Senior Marketing Associate, Consumer Bank Acquisition",Marketing Associate,Associate Level
Account Manager,Other Manager level,Manager Level
"Cloud Analyst Relations, Strategic Engagement Manager",Other Analysts,Analyst/Engineer Level
Ongoing Account Manager,Other Manager level,Manager Level
IBM Cloud Offering Manager – Government Industry,Other Manager level,Manager Level
IT Digital Marketing Technology Analyst,Marketing Analyst,Analyst/Engineer Level
Foodservice Marketing Analyst_PBNA North Division,Marketing Analyst,Analyst/Engineer Level
"Corporate Analyst Relations, Strategic Engagement Manager",Other Analysts,Analyst/Engineer Level
"Global Associate Partner, Talent and Transformation",Other Associate level,Associate Level
"Wealth Management, Private Bank, Field Marketing, Associate",Marketing Associate,Associate Level
"Senior Brand Manager, Prime Video",Other Manager level,Manager Level
Sr. Prod. Mgr. Tech EC2 Linux Workloads,Unknown,Unknown
Senior Marketing Research Analyst,Marketing Analyst,Analyst/Engineer Level
"Digital Marketing Lead, Partnerships",Unknown,Unknown
"Digital Marketing Manager, Gaming",Marketing Manager,Manager Level
Hardware Configuration & Planning Analyst,Other Analysts,Analyst/Engineer Level
Operations analyst,Operations Analyst,Analyst/Engineer Level
Operations Analyst-Foreign Exchange (FX) Wire Analyst,Operations Analyst,Analyst/Engineer Level
Corporate Investment Bank- Alternative Investments Operations Analyst,Investment Analyst,Analyst/Engineer Level
Accounting Operations Assistant Analyst,Operations Analyst,Analyst/Engineer Level
Legal Operations Analyst,Operations Analyst,Analyst/Engineer Level
"Medicaid Analyst, Government Rebate Operations",Operations Analyst,Analyst/Engineer Level
Endpoint Agent Dev Ops Analyst - Tech Risk,Operations Analyst,Analyst/Engineer Level
Cash Ops Analyst,Operations Analyst,Analyst/Engineer Level
Cloud Operations Analyst (JoinOCI),Operations Analyst,Analyst/Engineer Level
Operations Quantitative Services Analyst - Client Valuations Group,Operations Analyst,Analyst/Engineer Level
Rebate Operations Reconciliation Analyst,Operations Analyst,Analyst/Engineer Level
"Analyst, Appliance Delivery Operations",Operations Analyst,Analyst/Engineer Level
Operational Accounting Analyst,Other Analysts,Analyst/Engineer Level
Sales Strategy & Planning Analyst,Strategy Analyst,Analyst/Engineer Level
Analyst - Interconnected Delivery Strategy,Strategy Analyst,Analyst/Engineer Level
