"Job_Title","New_JobTitle","Job_Level"
"Workforce Data Analyst","Data Analyst","Analyst/Engineer Level"
"Treasury Finance Senior Consultant","Other Consultant level","Consultant Level"
"Lead Data Governance Consultant","Data Consultant","Consultant Level"
"Principal Data Analyst","Data Analyst","Analyst/Engineer Level"
"Hadoop Data Analyst / Business Analyst","Data Analyst","Analyst/Engineer Level"
"Commercial Bank – Fraud Strategy & Analytics Manager","Analytics Manager","Manager Level"
"Corrections Data Analyst I","Data Analyst","Analyst/Engineer Level"
"Data Analyst Lead for WPO Strategy and Innovation Team","Data Analyst","Analyst/Engineer Level"
"Business Analysis Manager Data Analytics & Reporting Team","Analytics Manager","Manager Level"
"CCOR - CCB Compliance Data Analyst - Associate","Data Analyst","Analyst/Engineer Level"
"Analytics Solutions Manager - Data Analytics - Vice President","Analytics Manager","Manager Level"
"Corrections Data Analyst II","Data Analyst","Analyst/Engineer Level"
"Project Manager-Data Analytics","Analytics Manager","Manager Level"
"Asset Management, Marketing, Digital Data Analyst, Associate","Data Analyst","Analyst/Engineer Level"
"Audit Manager, Risk Management","Audit Manager","Manager Level"
"Finance Control Management - Governance and Reporting - Associate","Other Associate level","Associate Level"
"Operations - Regulatory Change and Control Solutions - Associate - New York","Other Associate level","Associate Level"
"Principal Risk Specialist - Finance Risk Management","Unknown","Unknown"
"Consumer & Community Bank - Control Management - Data & Analytics (Data Management & Governance) - Vice President","Unknown","Unknown"
"Risk, Corporate Risk, Risk Regulation, Sr Associate / VP - New York","Other Associate level","Associate Level"
"Internal Audit, Transaction Banking, Associate - New York","Internal Auditor","Audit Level"
"Audit Manager - Quality Assurance","Audit Manager","Manager Level"
"Internal Audit, Consumer and Commercial Banking Technology, Associate","Internal Auditor","Audit Level"
"Operations – Treasury Services – Treasury Operations – Associate – New York","Other Associate level","Associate Level"
"Internal Audit, Consumer and Commercial Banking Technology, Associate - Dallas","Internal Auditor","Audit Level"
"Principal Auditor, Risk Management","Other Auditor level","Audit Level"
"Technology Audit Senior Manager","Audit Manager","Manager Level"
"Internal Audit, Consumer and Commercial Banking, Associate - Dallas","Internal Auditor","Audit Level"
"Manager, Technology Auditor"," Technology Auditor","Audit Level"
"Internal Audit, Transaction Banking, Associate - Dallas","Internal Auditor","Audit Level"
"Senior Auditor, Technology Audit","Other Auditor level","Audit Level"
"Senior Auditor - Card Audit","Other Auditor level","Audit Level"
"Internal Audit, Merchant Banking, Associate - Dallas","Internal Auditor","Audit Level"
"Audit Manager, Commercial Bank Capital Markets","Audit Manager","Manager Level"
"Principal Associate, Compensation","Other Associate level","Associate Level"
"Operations – Treasury Services – Treasury Operations – Associate – Salt Lake City","Other Associate level","Associate Level"
"Principal Technology Auditor"," Technology Auditor","Audit Level"
"Compliance, Consumer Compliance, Credit Card - Business Development Program Management, Vice President","Unknown","Unknown"
"Principal Auditor, Card Audit","Other Auditor level","Audit Level"
"Technology Auditor, Principal Associate"," Technology Auditor","Audit Level"
"Principal Auditor, Commercial Bank Capital Markets","Other Auditor level","Audit Level"
"Senior Technology Auditor"," Technology Auditor","Audit Level"
"Principal Auditor, Commercial Audit","Other Auditor level","Audit Level"
"Business Analyst","Business Analyst","Analyst/Engineer Level"
"Business Analyst Associate - 2021","Business Analyst","Analyst/Engineer Level"
"Strategic Business Analyst I","Business Analyst","Analyst/Engineer Level"
"Senior Business Analyst - Charlotte, NC","Business Analyst","Analyst/Engineer Level"
"GIR, Equity Research, TMT, Business Analyst - San Francisco","Business Analyst","Analyst/Engineer Level"
"Business Analysis","Unknown","Unknown"
"Consultant Business Analyst- PC Lifecycle Process Team","Business Analyst","Analyst/Engineer Level"
"Investment Analyst","Investment Analyst","Analyst/Engineer Level"
"Senior Business Analyst","Business Analyst","Analyst/Engineer Level"
"Business Analyst for Banking Production Services","Business Analyst","Analyst/Engineer Level"
"Business Analyst / Treasury (Salesforce)","Business Analyst","Analyst/Engineer Level"
"Commercial Real Estate- Asset Management- Senior Associate","Other Associate level","Associate Level"
"CIB Business Enablement Analyst - Atlanta, GA","Business Analyst","Analyst/Engineer Level"
"GIR, Macro Research, Credit Strategy, Analyst - SLC","Strategy Analyst","Analyst/Engineer Level"
"Business Analyst - Accounting Systems","Business Analyst","Analyst/Engineer Level"
"Analyst - Relationship Management","Other Analysts","Analyst/Engineer Level"
"Agile CoE Analyst-Tools & Reporting","Reporting Analyst","Analyst/Engineer Level"
"Business Analyst - Reference Data","Data Analyst","Analyst/Engineer Level"
"Commercial Real Estate- Senior Credit Analyst","Credit Analyst","Analyst/Engineer Level"
"Sr. Data Technology Analyst (SQL Data Testing) - Charlotte","Data Analyst","Analyst/Engineer Level"
"Analytics & Reporting","Unknown","Unknown"
"Principal Associate, Workday Analyst","Other Analysts","Analyst/Engineer Level"
"Salesforce Business Analyst - Loan Origination","Business Analyst","Analyst/Engineer Level"
"Operations Project Consultant – MVSO (band 5)","Other Consultant level","Consultant Level"
"CIMD, PWM, Business Development Associate, Analyst - Irving, TX","Business Analyst","Analyst/Engineer Level"
"Strategic Business Analyst II","Business Analyst","Analyst/Engineer Level"
"2021 Wealth Analyst Program (Full-Time)","Wealth Analyst","Analyst/Engineer Level"
"Analyst","Other Analysts","Analyst/Engineer Level"
"Business Analyst - Fixed Income Systems","Business Analyst","Analyst/Engineer Level"
"GIR, Infrastructure Technology and Consumer Systems, Business Analyst/ Associate- San Francisco","Business Analyst","Analyst/Engineer Level"
"Business Analysis & Reporting Associate - Operations","Reporting Associate","Associate Level"
"Analyst I - Charlotte, NC","Other Analysts","Analyst/Engineer Level"
"Senior Mainframe Developer","Other Developer level","Developer/Architect Level"
"Business Operations Analyst II","Business Analyst","Analyst/Engineer Level"
"Business Analyst I - Document Collection","Business Analyst","Analyst/Engineer Level"
"Production Services Analyst","Services Analyst","Analyst/Engineer Level"
"Agile CoE Analyst","Other Analysts","Analyst/Engineer Level"
"GIR, Emerging Software, Analyst/Associate - NY or SF","Other Analysts","Analyst/Engineer Level"
"Agile CoE Analyst – Agile Tools & Reporting","Reporting Analyst","Analyst/Engineer Level"
"IT Service Stability and Performance Management Lead","Unknown","Unknown"
"Corporate - Data Management - Analyst","Data Analyst","Analyst/Engineer Level"
"Application Support Analyst","Other Analysts","Analyst/Engineer Level"
"GIR, Equity Research, Chemicals, Associate/BA- Houston","Other Associate level","Associate Level"
"Service & Credit Review Coordinator (Credit Analyst)","Credit Analyst","Analyst/Engineer Level"
"Premier Banker","Unknown","Unknown"
"CIMD, PWM - Wealth Advisor, Vice President - Houston, TX","Unknown","Unknown"
"CIMD, PWM, Wealth Advisor, VP – Irving, TX","Unknown","Unknown"
"Corporate - External Reporting Analyst - Analyst","Reporting Analyst","Analyst/Engineer Level"
"Premier Banker-Virtual Channel","Unknown","Unknown"
"GIR, Paper, Packaging, and Environmental Services, Associate/BA - Houston","Other Associate level","Associate Level"
"Premier Banker-licensed","Unknown","Unknown"
"Asset Management - Financial & Business Analysis (Product Support) – Associate","Other Associate level","Associate Level"
"Commercial Banking - MMBSI Finance & Business Management - Analyst","Financial Analyst","Analyst/Engineer Level"
"Tririga Business Analyst - Solutions Engineer","Business Analyst","Analyst/Engineer Level"
"Senior Business Analyst - UI/UX","Business Analyst","Analyst/Engineer Level"
"Firmwide Business Resiliency Technology - Product Analyst","Business Analyst","Analyst/Engineer Level"
"Corporate - Private Investment - Analyst","Investment Analyst","Analyst/Engineer Level"
"Global Real Estate – Space Management Business Systems Analyst – Associate","Business Systems Analyst","Analyst/Engineer Level"
"ServiceNow Business Analyst Lead","Business Analyst","Analyst/Engineer Level"
"Underwriting Analyst (YK0349) LQR (054618:US:0802)","Other Analysts","Analyst/Engineer Level"
"Business Process Analyst II – CCB Ops Quality Center of Excellence","Business Analyst","Analyst/Engineer Level"
"WPO CPCS Business and Reporting Analyst - Senior","Business Analyst","Analyst/Engineer Level"
"Post Trade Functional Architecture/Senior Business Analyst","Business Analyst","Analyst/Engineer Level"
"Corporate Finance: Financial Accounting, Infrastructure & Reporting – GLA Reporting Associate","Reporting Associate","Associate Level"
"Data Scientist Sr Associate","Data Scientist","Scientist/Reseacher Level"
"Asset Management, North America Institutional Marketing, Analyst","Marketing Analyst","Analyst/Engineer Level"
"Project Manager / Business Analyst","Business Analyst","Analyst/Engineer Level"
"Wealth Management, Tax Operations, Analyst","Operations Analyst","Analyst/Engineer Level"
"US Wealth Management - Digital Middle Office - Client Service Analyst - Columbus, OH","Other Analysts","Analyst/Engineer Level"
"Firmwide Reference Data Strategy – Strategic Party & Account Reference Data – E2E Business Adoption –Business Analyst & Project Manager - Associate","Data Analyst","Analyst/Engineer Level"
"Commercial Bank: Wholesale Lending Services (WLS)– Lending Program Management- Transformation & Simplification Business Analyst","Business Analyst","Analyst/Engineer Level"
"2021 Securities Services Leadership Program - Full-Time Analyst Opportunity","Other Analysts","Analyst/Engineer Level"
"Data Execution Analyst","Data Analyst","Analyst/Engineer Level"
"Data Management Analyst - Data Quality","Data Analyst","Analyst/Engineer Level"
"Analyste quantitatif, analyse de données 3149381","Quantitative Analyst","Analyst/Engineer Level"
"GIR, Equity Research, Biopharma, Associate/Analyst-New York","Other Analysts","Analyst/Engineer Level"
"CIMD Operations - Client Management - AIMS Global Reporting & Analyst - Associate - Salt Lake City","Reporting Analyst","Analyst/Engineer Level"
"Sr. Data Technology Analyst – Data Domain Lead","Data Analyst","Analyst/Engineer Level"
"Reference Data, Pricing Operations, Analyst","Data Analyst","Analyst/Engineer Level"
"Corp Inv Quant Fin Analyst","Quantitative Analyst","Analyst/Engineer Level"
"GIR, Equity Research, Life Insurance, Associate - NY","Other Associate level","Associate Level"
"Reference Data OPS, Pricing Analyst","Data Analyst","Analyst/Engineer Level"
"Data Management, Landscape Governance Program Analyst (Analyst)","Data Analyst","Analyst/Engineer Level"
"Reference Data Operations, Pricing Operations, Analyst","Data Analyst","Analyst/Engineer Level"
"Transaction Processing Manager","Other Manager level","Manager Level"
"Data Scientist I","Data Scientist","Scientist/Reseacher Level"
"Data Scientist","Data Scientist","Scientist/Reseacher Level"
"Citizen Data Scientist","Data Scientist","Scientist/Reseacher Level"
"Data Engineer - Measurement - Tech Risk","Data Engineer","Analyst/Engineer Level"
"User Experience Researcher II","Researcher","Scientist/Reseacher Level"
"Card Data Scientist","Data Scientist","Scientist/Reseacher Level"
"Data Engineer - CIMD Technology","Data Engineer","Analyst/Engineer Level"
"Principal User Experience Researcher","Researcher","Scientist/Reseacher Level"
"Machine Learning Research Scientist","Research Scientist","Scientist/Reseacher Level"
"Quantitative Services - Senior Data Scientist","Data Scientist","Scientist/Reseacher Level"
"Senior User Experience Researcher","Researcher","Scientist/Reseacher Level"
"Data Scientist and Analytics Associate Sr","Data Scientist","Scientist/Reseacher Level"
"Principal Associate, Data Science","Data Science Associate","Associate Level"
"Senior User Experience Researcher 1","Researcher","Scientist/Reseacher Level"
"THOR (NFACT) Application Development Lead for Chief Data Scientist Organization (CDSO)","Data Scientist","Scientist/Reseacher Level"
"Principal Data Scientist - US Card","Data Scientist","Scientist/Reseacher Level"
"Senior UX Researcher II","Researcher","Scientist/Reseacher Level"
"Senior Data Scientist","Data Scientist","Scientist/Reseacher Level"
"BB&T Senior UX Researcher","Researcher","Scientist/Reseacher Level"
"Senior Data Engineer - GSAM Data Distribution","Data Engineer","Analyst/Engineer Level"
"Data Engineer - Python","Data Engineer","Analyst/Engineer Level"
"Machine Learning / Data Scientist - Software Engineer VP","Data Scientist","Scientist/Reseacher Level"
"Senior User Experience Researcher II","Researcher","Scientist/Reseacher Level"
"Data Scientist /Machine Learning- Software Engineer VP","Data Scientist","Scientist/Reseacher Level"
"UX Researcher","Researcher","Scientist/Reseacher Level"
"Data Engineer","Data Engineer","Analyst/Engineer Level"
"AI Research Scientist - Senior Associate","Research Scientist","Scientist/Reseacher Level"
"Data Scientist Lead","Data Scientist","Scientist/Reseacher Level"
"Manager, Data Science","Data Science Manager","Manager Level"
"Senior Data Scientist-Decision Sciences","Data Scientist","Scientist/Reseacher Level"
"Lead Data Scientist","Data Scientist","Scientist/Reseacher Level"
"Sr. Associate, Data Science","Data Science Associate","Associate Level"
"Manager, Data Science - US Card","Data Science Manager","Manager Level"
"CCB - Quantitative Modeling/Data Scientist - Marketing - VP","Data Scientist","Scientist/Reseacher Level"
"Master, Data Engineer","Data Engineer","Analyst/Engineer Level"
"AI Research Scientist - Vice President","Research Scientist","Scientist/Reseacher Level"
"Master Data Engineer","Data Engineer","Analyst/Engineer Level"
"Software Data Engineer - Python","Data Engineer","Analyst/Engineer Level"
"Data Scientist Associate Sr. - CCB ML & AI","Data Scientist","Scientist/Reseacher Level"
"Design Researcher","Researcher","Scientist/Reseacher Level"
"Senior Machine Learning Engineer- Python Environment","Machine Learning Engineer","Analyst/Engineer Level"
"Senior Manager, Machine Learning Engineer","Machine Learning Engineer","Analyst/Engineer Level"
"Lead Data Engineer","Data Engineer","Analyst/Engineer Level"
"Senior Data Engineer","Data Engineer","Analyst/Engineer Level"
"Senior Machine Learning Engineer","Machine Learning Engineer","Analyst/Engineer Level"
"Cloud Data Engineer","Data Engineer","Analyst/Engineer Level"
"Data Engineer - Public Cloud Platform","Data Engineer","Analyst/Engineer Level"
"Java / Big Data Engineer","Data Engineer","Analyst/Engineer Level"
"Lead Design Researcher","Researcher","Scientist/Reseacher Level"
"Senior BIG DATA Engineer","Data Engineer","Analyst/Engineer Level"
"Digital - Sr UX Researcher, Associate","Researcher","Scientist/Reseacher Level"
"Lead Big Data Engineer - AWS","Data Engineer","Analyst/Engineer Level"
"Software Engineering - Big Data Engineer Lead","Data Engineer","Analyst/Engineer Level"
"CIB - User Experience Researcher, Vice President","Researcher","Scientist/Reseacher Level"
"Wealth Data Delivery - Data Domain Architect Lead","Other Architect level","Developer/Architect Level"
"Public Finance - Analyst","Financial Analyst","Analyst/Engineer Level"
"CIMD, GSAM, Credit Alternatives, Financial Planning & Analysis Analyst, Associate - Boca Raton","Other Analysts","Analyst/Engineer Level"
"CCB Corporate Finance Analyst","Financial Analyst","Analyst/Engineer Level"
"Principal Financial Analyst","Financial Analyst","Analyst/Engineer Level"
"Senior Financial Analyst","Financial Analyst","Analyst/Engineer Level"
"CIMD, Credit Alternatives, Renewable Power Group, Financial Operations, Analyst","Operations Analyst","Analyst/Engineer Level"
"Credit Research Analyst","Research Analyst","Analyst/Engineer Level"
"Investment Banking - Corporate Finance Advisory - Analyst","Financial Analyst","Analyst/Engineer Level"
"Senior Equity Research Analyst - Industrials","Research Analyst","Analyst/Engineer Level"
"Senior Financial Analyst II - SEC Reporting","Financial Analyst","Analyst/Engineer Level"
"Senior Client Service Analyst - Sterling Capital Management","Other Analysts","Analyst/Engineer Level"
"Corporate Cyber Security Team Manager","Other Manager level","Manager Level"
"Risk, Credit Risk, Financial Institutions / CCPs, Associate - Salt Lake City","Other Associate level","Associate Level"
"Corporate Treasury - Financial Analyst - Associate","Financial Analyst","Analyst/Engineer Level"
"Wealth Management - Private Bank - Wealth Strategist - Chicago, IL","Unknown","Unknown"
"MORTGAGE ADVISORY - MORTGAGE ANALYST","Other Analysts","Analyst/Engineer Level"
"Corporate Finance: Financial Accounting, Infrastructure & Reporting - CIB Latin America FC - Analyst","Financial Analyst","Analyst/Engineer Level"
"Wealth Management - Private Bank - Wealth Strategist -Executive Director - EAST","Unknown","Unknown"
"Global Markets, Business Operations, Associate - Dallas","Other Associate level","Associate Level"
"CIS Principal Engineer/Azure SME","Other Engineer level","Analyst/Engineer Level"
"CIMD, GSAM, Credit Alternatives Renewable Power, Technical Operations, Analyst","Operations Analyst","Analyst/Engineer Level"
"CCBSI-Energy Analyst II","Other Analysts","Analyst/Engineer Level"
"Application Security /Vulnerability Management - Software Engineer VP","Software Engineer","Analyst/Engineer Level"
"Digital Marketing Senior Associate","Marketing Associate","Associate Level"
"Capital Markets Institutional Operations Support Analyst 3 - Data Remediation","Data Analyst","Analyst/Engineer Level"
"SIRT Endpoint Agent Dev Ops Analyst","Operations Analyst","Analyst/Engineer Level"
"CIMD - Marcus by Goldman Sachs - Legal Operations - Analyst - Richardson, TX","Operations Analyst","Analyst/Engineer Level"
"Cash Ops Analyst","Operations Analyst","Analyst/Engineer Level"
"Tax Oriented Investments- Housing Investments Reporting- Analyst","Investment Analyst","Analyst/Engineer Level"
"CIB Strategy - Associate","Strategy Associate","Associate Level"
"Corporate Responsibility Strategy - Associate","Strategy Associate","Associate Level"
"CIB Strategy Manager, Vice President","Strategy Manager","Manager Level"
"Corporate Strategy - Associate","Strategy Associate","Associate Level"
"Global Technology Strategy Manager, Vice President","Strategy Manager","Manager Level"
"Contact Strategy Insight Analyst","Strategy Analyst","Analyst/Engineer Level"
"Credit Markets - Product Strategy Associate","Strategy Associate","Associate Level"
"Automated Trading Strategies - Analyst","Other Analysts","Analyst/Engineer Level"
"Insurance and Retirement Solutions Product Transformation & Strategy Manager","Strategy Manager","Manager Level"
"Expert Data Analyst","Data Analyst","Analyst/Engineer Level"
"Data Analytics and Insights Manager","Analytics Manager","Manager Level"
"Manager, Advance Analytics","Analytics Manager","Manager Level"
"QCI Brand Analytics Strategy Manager","Analytics Manager","Manager Level"
"Strategic Enterprise Capabilities Technology Lead Data Analyst","Data Analyst","Analyst/Engineer Level"
"eCommerce Marketing Manager_PBNA West Division","Marketing Manager","Manager Level"
"Intermediate Warehouse Control Systems Business Systems Analyst","Business Systems Analyst","Analyst/Engineer Level"
"Senior Analyst QC Stability","Senior Analyst","Analyst/Engineer Level"
"Senior Finance Analyst","Financial Analyst","Analyst/Engineer Level"
"Total Rewards Senior Analyst","Senior Analyst","Analyst/Engineer Level"
"2021 Data Scientist Internship","Data Scientist","Scientist/Reseacher Level"
"Principal Scientist, Cardiovascular and Metabolism (CVM) - Biomarkers","Other Scientists","Scientist/Reseacher Level"
"Principal Data Engineer- Consumer Data","Data Engineer","Analyst/Engineer Level"
"eCom Senior Data Scientist","Data Scientist","Scientist/Reseacher Level"
"Principal Data Engineer","Data Engineer","Analyst/Engineer Level"
"eCom Data Engineer","Data Engineer","Analyst/Engineer Level"
"Nike Sports Research Lab Senior Perception Researcher","Researcher","Scientist/Reseacher Level"
"2021UFLP Graduate - Supply Chain","Unknown","Unknown"
"Supply Chain Designate Role","Unknown","Unknown"
"2021 Supply Chain Internship","Unknown","Unknown"
"Central Finance Tech Lead Analyst - Strategic Enterprise Capabilities (SEC)","Financial Analyst","Analyst/Engineer Level"
"Associate Category Strategy Manager - Remote","Strategy Associate","Associate Level"
"Senior Category Insights Manager ","Other Manager level","Manager Level"
"Associate Category Strategy Manager","Strategy Associate","Associate Level"
"Associate Supply Chain Customer Strategy Manager - EC HUB (Multiple Positions)","Strategy Associate","Associate Level"
"Senior Analyst, Content Strategy and Analysis (Walt Disney Television)","Strategy Analyst","Analyst/Engineer Level"
"Senior Analyst, Cyber Threat Intelligence","Senior Analyst","Analyst/Engineer Level"
"Financial Systems Analyst (Donovan Data Systems/MediaOcean exp)","Data Analyst","Analyst/Engineer Level"
"Senior Analyst, Rights In TV (Project)","Senior Analyst","Analyst/Engineer Level"
"Senior Analyst, Rights Out, Canada & Global SVOD (Project)","Senior Analyst","Analyst/Engineer Level"
"Machine Learning Engineer - HBO Max","Machine Learning Engineer","Analyst/Engineer Level"
"Cloud Security Researcher, Alien Labs","Researcher","Scientist/Reseacher Level"
"Senior Research Scientist","Research Scientist","Scientist/Reseacher Level"
"Staff Machine Learning Engineer, Personalization- HBO Max","Machine Learning Engineer","Analyst/Engineer Level"
"Sr. Research Scientist","Research Scientist","Scientist/Reseacher Level"
"Sr. Researcher - Advanced 3D Computer Vision and Graphics Research","Researcher","Scientist/Reseacher Level"
"Sr. Researcher- Advanced Computer Graphics for 3D Human Modeling","Researcher","Scientist/Reseacher Level"
"Senior Financial Reporting Analyst","Reporting Analyst","Analyst/Engineer Level"
"Sr. Financial Accounting Analyst","Financial Accounting Analyst","Analyst/Engineer Level"
"Analytics Consultant - 72112BR","Analytics Consultant","Consultant Level"
"Sr Data Analyst, HR Analytics","Data Analyst","Analyst/Engineer Level"
"Sr Data Analyst - Supply Chain","Supply Chain Analyst","Analyst/Engineer Level"
"Lead Analytics Consultant-BI Consultant","Analytics Consultant","Consultant Level"
"Sr. Data Analyst - Transportation Analytics","Data Analyst","Analyst/Engineer Level"
"Sr. Data Analyst, Middle Mile Delivery Analytics","Data Analyst","Analyst/Engineer Level"
"Data Analyst - Merch/Food and Bev","Data Analyst","Analyst/Engineer Level"
"Lead Analytics Consultant - 66387BR","Analytics Consultant","Consultant Level"
"Lead Analytics Consultant","Analytics Consultant","Consultant Level"
"Sr. Data Analyst - Finance, Innovation & Transformation","Data Analyst","Analyst/Engineer Level"
"Senior Analytics Consultant","Analytics Consultant","Consultant Level"
"Data Strategy - Advisor Analytics","Analytics Advisor","Lead/Advisor Level"
"Data Analyst, Supply Chain Analytics","Supply Chain Analyst","Analyst/Engineer Level"
"Digital Analytics Manager","Analytics Manager","Manager Level"
"The Home Depot PRO - Senior Product Data Analyst","Data Analyst","Analyst/Engineer Level"
"Operational Data Analyst - Services","Data Analyst","Analyst/Engineer Level"
"Data Analyst - Supply Chain","Supply Chain Analyst","Analyst/Engineer Level"
"Data Engineer - Specialty Analytics Senior Consultant","Data Engineer","Analyst/Engineer Level"
"Outreach/Analytics Manager","Analytics Manager","Manager Level"
"Data Visualization Senior Consultant","Data Consultant","Consultant Level"
"Analytics Senior Consultant - Medical Economics, M","Analytics Consultant","Consultant Level"
"Underwriting and Analytics Senior Consultant - Anthem","Analytics Consultant","Consultant Level"
"Provider Data Services Consultant","Data Consultant","Consultant Level"
"Product Manager - Data Analytics","Analytics Manager","Manager Level"
"Medical Economics Analyst (Expense Review), Senior","Economics Analyst","Analyst/Engineer Level"
"Manager, Supply Chain Analytics","Analytics Manager","Manager Level"
"Sr Auditor","Other Auditor level","Audit Level"
"Contact Center Business Analyst","Business Analyst","Analyst/Engineer Level"
"Sr Operations Analyst","Operations Analyst","Analyst/Engineer Level"
"Senior Analyst","Senior Analyst","Analyst/Engineer Level"
"Loyalty Operations Analyst","Operations Analyst","Analyst/Engineer Level"
"Senior Analyst, Online Business Analytics","Business Analyst","Analyst/Engineer Level"
"Inventory Analyst in Training","Inventory Analyst","Analyst/Engineer Level"
"SR BUSINESS ANALYST - SERVICES","Business Analyst","Analyst/Engineer Level"
"Sr. Project & Strategy Analyst","Strategy Analyst","Analyst/Engineer Level"
"Sr HR Manager, Target Technology Services (TTS)","Other Manager level","Manager Level"
"Senior Analyst, Customer Analytics","Senior Analyst","Analyst/Engineer Level"
"Senior Analyst - Customer Experience Management","Senior Analyst","Analyst/Engineer Level"
"SR OPERATIONS BUSINESS ANALYST - PRO","Business Analyst","Analyst/Engineer Level"
"Application Development - Senior Analyst","Senior Analyst","Analyst/Engineer Level"
"SENIOR BUSINESS ANALYST - SUPPLIER SERVICES","Business Analyst","Analyst/Engineer Level"
"Senior Analyst Pricing","Pricing Analyst","Analyst/Engineer Level"
"IT Operations - Senior Analyst","Operations Analyst","Analyst/Engineer Level"
"Sr Info Security Analyst - Grace Hopper Conference","Security Analyst","Analyst/Engineer Level"
"SENIOR ANALYST BUSINESS ANALYTICS MET","Business Analyst","Analyst/Engineer Level"
"Senior Quality Analyst","Quality Analyst","Analyst/Engineer Level"
"SR OPERATIONS BUSINESS ANALYST - HOME DEPOT PRO","Business Analyst","Analyst/Engineer Level"
"WORKFORCE MGMT INFO ANALYST - Remote Role","Other Analysts","Analyst/Engineer Level"
"Application Development, Senior Analyst","Senior Analyst","Analyst/Engineer Level"
"Senior Business Analyst, Merchant Engagement","Business Analyst","Analyst/Engineer Level"
"Senior Analyst, Online Product Insights","Senior Analyst","Analyst/Engineer Level"
"Invoicing Support Analyst, Senior","Other Analysts","Analyst/Engineer Level"
"Associate CC Business Analyst","Business Analyst","Analyst/Engineer Level"
"Senior Analyst, Insights SEO","Senior Analyst","Analyst/Engineer Level"
"Regulatory Report Consultant","Other Consultant level","Consultant Level"
"HRIS Sr Specialist","Unknown","Unknown"
"Senior Analyst, Online Customer Experience","Senior Analyst","Analyst/Engineer Level"
"Senior Product Manager","Product Manager","Manager Level"
"IT Sourcing Analyst , Senior","Sourcing Analyst","Analyst/Engineer Level"
"Quality Assurance - Senior Analyst","Quality Analyst","Analyst/Engineer Level"
"Senior Analyst, CRM Insights","Senior Analyst","Analyst/Engineer Level"
"Rebate Finance Program Management Analyst, Senior","Financial Analyst","Analyst/Engineer Level"
"SR BUSINESS ANALYST - In-Store Environment Logistics & Fulfillment","Business Analyst","Analyst/Engineer Level"
"Innovation Product Manager, Senior Advisor","Product Manager","Manager Level"
"Analyst, Process Improvement - Item Data Management","Data Analyst","Analyst/Engineer Level"
"UX Designer, Senior Analyst","Senior Analyst","Analyst/Engineer Level"
"Senior Analyst, SEO","Senior Analyst","Analyst/Engineer Level"
"Senior Analyst, Merchandising Solutions - Online","Senior Analyst","Analyst/Engineer Level"
"AS400/Synon Application Developer - Senior Analyst","Senior Analyst","Analyst/Engineer Level"
"SENIOR INVENTORY SOLUTIONS ANALYST","Inventory Analyst","Analyst/Engineer Level"
"Quality Assurance - Analyst","Quality Analyst","Analyst/Engineer Level"
"SR ANALYST INVENTORY SOLUTIONS","Inventory Analyst","Analyst/Engineer Level"
"SQL/ETL Developer","Other Developer level","Developer/Architect Level"
"SR ANALYST ASSORTMENT PLANNING","Other Analysts","Analyst/Engineer Level"
"Workforce Management Coordinator","Unknown","Unknown"
"Senior Analyst IVR","Senior Analyst","Analyst/Engineer Level"
"Senior Financial Analyst - Private Brands","Financial Analyst","Analyst/Engineer Level"
"SR ANALYST PRO CUSTOMER EXECUTION","Other Analysts","Analyst/Engineer Level"
"MANAGER INVENTORY SOLUTIONS","Other Manager level","Manager Level"
"Senior Analyst, Digital Content","Senior Analyst","Analyst/Engineer Level"
"Manager, Compensation","Other Manager level","Manager Level"
"Home Depot PRO Training Senior Analyst","Senior Analyst","Analyst/Engineer Level"
"Analyst, Item Data Operations","Data Analyst","Analyst/Engineer Level"
"Sr. Analyst, Share Data","Data Analyst","Analyst/Engineer Level"
"Lead Info Security Analyst, CSIRT - Grace Hopper Conference","Security Analyst","Analyst/Engineer Level"
"Analyst, Customer Data Strategy and Governance","Data Analyst","Analyst/Engineer Level"
"Vendor Management Performance Analyst","Sourcing Analyst","Analyst/Engineer Level"
"Marketing Campaign Analyst - Senior","Marketing Analyst","Analyst/Engineer Level"
"Client Analyst Training Program","Client Analyst","Analyst/Engineer Level"
"Contract Operations Analyst, Senior","Operations Analyst","Analyst/Engineer Level"
"Services Forecasting Analyst","Forecasting Analyst","Analyst/Engineer Level"
"Sr. Analyst Customer Data Strategy and Governance","Data Analyst","Analyst/Engineer Level"
"The Home Depot PRO - Pricing Analyst","Pricing Analyst","Analyst/Engineer Level"
"Sr. Data Scientist Leadership Program (DSLP)","Data Scientist","Scientist/Reseacher Level"
"Data Scientist, Online","Data Scientist","Scientist/Reseacher Level"
"Product Insights Researcher","Researcher","Scientist/Reseacher Level"
"Data Scientist - Pricing Solutions","Data Scientist","Scientist/Reseacher Level"
"Senior Data Scientist, Test/Measurement - Grace Hopper Conference","Data Scientist","Scientist/Reseacher Level"
"Lead AI Scientist - Operations Planning","AI Scientist","Scientist/Reseacher Level"
"Sr AI Scientist, IPC Simulation - Grace Hopper Conference","AI Scientist","Scientist/Reseacher Level"
"Data Engineer Manager","Data Engineer","Analyst/Engineer Level"
"Data Scientist, Analytics Advisor","Data Scientist","Scientist/Reseacher Level"
"Data Scientist - Executive Advisor Analytics","Data Scientist","Scientist/Reseacher Level"
"Senior Data Scientist (Remote) - 72191BR","Data Scientist","Scientist/Reseacher Level"
"Data Scientist - Health Outcomes, Advisor","Data Scientist","Scientist/Reseacher Level"
"Senior Data Scientist - 72225BR","Data Scientist","Scientist/Reseacher Level"
"Advisor, Data Science","Unknown","Unknown"
"Data Engineer - Specialty Analytics Advisor","Data Engineer","Analyst/Engineer Level"
"Data Engineer - Big Data Analytics Advisor","Data Engineer","Analyst/Engineer Level"
"Data Engineer - Geospatial Specialist","Data Engineer","Analyst/Engineer Level"
"Lead Data Scientist - 72480BR","Data Scientist","Scientist/Reseacher Level"
"Senior Marketing Data Scientist - 71063BR","Data Scientist","Scientist/Reseacher Level"
"Analytics Data Scientist Senior Advisor","Data Scientist","Scientist/Reseacher Level"
"Data Engineer - 72683BR","Data Engineer","Analyst/Engineer Level"
"Data Engineer - 72682BR","Data Engineer","Analyst/Engineer Level"
"Data Science - Retail Personalization Analytics Advisor","Analytics Advisor","Lead/Advisor Level"
"Data Engineer Analytics - Senior Advisor","Data Engineer","Analyst/Engineer Level"
"Data Engineer Analytics, Senior Advisor","Data Engineer","Analyst/Engineer Level"
"Senior Data Engineer - 71641BR","Data Engineer","Analyst/Engineer Level"
"Lead Data Engineer - RX Personalization Executive Advisor","Data Engineer","Analyst/Engineer Level"
"Data Engineer - Retail Analytics Senior Advisor","Data Engineer","Analyst/Engineer Level"
"Data Engineer - Retail Modernization Analytics Senior Advisor","Data Engineer","Analyst/Engineer Level"
"Financial Analyst","Financial Analyst","Analyst/Engineer Level"
" Financial Analyst Development Program (FADP)","Financial Analyst","Analyst/Engineer Level"
"Financial Reporting Analyst","Reporting Analyst","Analyst/Engineer Level"
"Financial Analyst Development Program (FADP)","Financial Analyst","Analyst/Engineer Level"
"Senior Financial Analyst, COGS","Financial Analyst","Analyst/Engineer Level"
"Financial Analyst – Industry Analysis","Financial Analyst","Analyst/Engineer Level"
"Financial Analyst Development Program (FADP) Internship - Summer 2021","Financial Analyst","Analyst/Engineer Level"
"Senior Financial Analyst, Store Ops","Financial Analyst","Analyst/Engineer Level"
"SR FINANCIAL ANALYST","Financial Analyst","Analyst/Engineer Level"
"Financial Analyst - Specialty Underwriting","Financial Analyst","Analyst/Engineer Level"
"Financial Analyst, Senior","Financial Analyst","Analyst/Engineer Level"
"Sr. Financial Analyst - Consolidations","Financial Analyst","Analyst/Engineer Level"
"Financial Inventory Analyst, Senior","Inventory Analyst","Analyst/Engineer Level"
"Sr. Financial Analyst - Developer","Financial Analyst","Analyst/Engineer Level"
"Finance Planning Analyst, Senior","Financial Analyst","Analyst/Engineer Level"
"Senior Financial Analyst - CO/OP Rebate","Financial Analyst","Analyst/Engineer Level"
"Financial Planning and Analysis Advisor - Retail Pharmacy","Unknown","Unknown"
"Finance Analyst, Senior","Financial Analyst","Analyst/Engineer Level"
"Sr. Financial Analyst - RPA Developer","Financial Analyst","Analyst/Engineer Level"
"Retail Inventory Analyst","Inventory Analyst","Analyst/Engineer Level"
"Account Manager - 73199BR","Other Manager level","Manager Level"
"Ongoing Account Manager","Other Manager level","Manager Level"
"Analyst, Appliance Delivery Operations","Operations Analyst","Analyst/Engineer Level"
"Sr. Analyst, HDIS Install Operations Pro - Services","Operations Analyst","Analyst/Engineer Level"
"Supply Chain Analyst","Supply Chain Analyst","Analyst/Engineer Level"
"Inventory Planning Analyst","Inventory Analyst","Analyst/Engineer Level"
"Senior Logistics Analyst – Supply Chain Development","Supply Chain Analyst","Analyst/Engineer Level"
"Routing Planner - Private Fleet","Unknown","Unknown"
"Senior Logistics Analyst - Implementation","Logistics Analyst","Analyst/Engineer Level"
"SENIOR INVENTORY PLANNING ANALYST","Inventory Analyst","Analyst/Engineer Level"
"Category Management - Merchandising - Beverage (Contractor Role) ","Unknown","Unknown"
"Analytics Consultant – Procurement","Analytics Consultant","Consultant Level"
"Manager Analytics","Analytics Manager","Manager Level"
"Business Analytics Manager","Analytics Manager","Manager Level"
"Corporate Strategy Consultant","Other Consultant level","Consultant Level"
"Consulting Technical Manager - Analytics Engineer (US-NSG)","Analytics Manager","Manager Level"
"Sr. Business Intelligence Engineer / Data Analyst","Business Intelligence Engineer","Analyst/Engineer Level"
"Finance Manager, Database & Analytics Specialized Sales","Analytics Manager","Manager Level"
"IBM Services Cognitive & Analytics Senior Consultant - US Federal","Analytics Consultant","Consultant Level"
"Sr. ACES Analytics Manager","Analytics Manager","Manager Level"
"Entry Level Federal Consultant","Other Consultant level","Consultant Level"
"Principal Product Manager Tech, Brand Analytics","Analytics Manager","Manager Level"
"Senior Data Analyst, Tax Technology","Data Analyst","Analyst/Engineer Level"
"Senior Managing Consultant, Enterprise Strategy, Tech and Data","Data Consultant","Consultant Level"
"2021 IBM Enterprise Strategy, Senior Consultant","Other Consultant level","Consultant Level"
"Senior Safety Analytics Manager III","Analytics Manager","Manager Level"
"Manager, Mission Control Analytics","Analytics Manager","Manager Level"
"Data Analyst, Law Enforcement Analytics & Programs","Data Analyst","Analyst/Engineer Level"
"IBM Services Business Transformation Senior Consultant - US Federal","Other Consultant level","Consultant Level"
"Entry Level Federal Consultant - Huntsville","Other Consultant level","Consultant Level"
"Mission Data Analyst (TS/SCI CI POLY)","Data Analyst","Analyst/Engineer Level"
"Senior Cloud Architect- Financial Services Cloud","Other Architect level","Developer/Architect Level"
"Analytics and Media Manager","Analytics Manager","Manager Level"
"Principal Technical Program Manager - Device Analytics Team","Analytics Manager","Manager Level"
"Software Development Manager - Advertising Analytics","Analytics Manager","Manager Level"
"Supply Chain and Data Analyst","Supply Chain Analyst","Analyst/Engineer Level"
"Data Engineering Manager, Analytics (Growth)","Data Engineer","Analyst/Engineer Level"
"Data Engineering Manager, Analytics","Data Engineer","Analyst/Engineer Level"
"Client Executive - Watson Health - Federal Gov. & HHS - Data Analytics","Unknown","Unknown"
"Data Engineering Manager, Analytics (Marketplace)","Data Engineer","Analyst/Engineer Level"
"Data Engineering Manager, Analytics (Novi)","Data Engineer","Analyst/Engineer Level"
"SAP Data Management and Analytics Lead","Analytics Lead","Lead/Advisor Level"
"Appian Architect /Strategy Consultant","Other Consultant level","Consultant Level"
"SAP Master Data Governance (MDG) Consultant","Data Consultant","Consultant Level"
"Facebook Reality Labs Performance Marketing Manager, SEO","Marketing Manager","Manager Level"
"SAP Master Data Governance (MDG) Senior Managing Consultant","Data Consultant","Consultant Level"
"SAP (IS-Utilities) Customer Relations & Billing Lead Consultant","Other Consultant level","Consultant Level"
"SAP FICO (COPA) Product Costing Lead Consultant","Other Consultant level","Consultant Level"
"SAP CR&B (FI-CA) Customer Relations & Billing Customer Accounting Lead","Unknown","Unknown"
"Business Analyst II","Business Analyst","Analyst/Engineer Level"
"Product Management - Business Analyst","Business Analyst","Analyst/Engineer Level"
"Business Planning & Operations Analyst - North America","Business Analyst","Analyst/Engineer Level"
"Business Analyst 4-Ops","Business Analyst","Analyst/Engineer Level"
"(Top Secret Cleared)  Business Analyst","Business Analyst","Analyst/Engineer Level"
"IT Business Analyst (JoinOCI-Ns2)","Business Analyst","Analyst/Engineer Level"
"ServiceNow Business Process Analyst","Business Analyst","Analyst/Engineer Level"
"Security Analyst","Security Analyst","Analyst/Engineer Level"
"Threat Detection - Security Analyst","Security Analyst","Analyst/Engineer Level"
"Security Policy and Compliance Analyst","Security Analyst","Analyst/Engineer Level"
"Sr. Business Analyst","Business Analyst","Analyst/Engineer Level"
"Sr. Product Manager, Customer Experience","Product Manager","Manager Level"
"Product Manager/Strategy 4-ProdDev","Product Manager","Manager Level"
"Principal Product Manager (JoinOCI-PPM)","Product Manager","Manager Level"
"Technical Product Manager / Functional Designer / Business Analyst (Product Manager/Strategy 3-ProdDev)","Business Analyst","Analyst/Engineer Level"
"Security Analyst - Access Management","Security Analyst","Analyst/Engineer Level"
"Oracle Cloud Projects and Grants Solution Architect (PPM) - Consulting Technical Manager","Other Manager level","Manager Level"
"Supplier Master Analyst","Sourcing Analyst","Analyst/Engineer Level"
"Sr. Marketing Business Analyst","Business Analyst","Analyst/Engineer Level"
"Business Analyst II, Air","Business Analyst","Analyst/Engineer Level"
"Sr. Business Analyst, Kindle","Business Analyst","Analyst/Engineer Level"
"Business Analyst II - Global Benefits","Business Analyst","Analyst/Engineer Level"
"Sr. Business Analyst, Recruiting Engine","Business Analyst","Analyst/Engineer Level"
"Supply Chain Business Analyst Manager","Supply Chain Analyst","Analyst/Engineer Level"
"Business Analyst III, Surface Transportation","Business Analyst","Analyst/Engineer Level"
"Senior Business Analyst - Measurement Systems","Business Analyst","Analyst/Engineer Level"
"Sr. Business Intelligence Engineer","Business Intelligence Engineer","Analyst/Engineer Level"
"Senior Business Intelligence Engineer","Business Intelligence Engineer","Analyst/Engineer Level"
"AML Quality Assurance Analyst","Quality Analyst","Analyst/Engineer Level"
"Amazon Business CS Sr. Business Intelligence Engineer","Business Intelligence Engineer","Analyst/Engineer Level"
"Sr. Manager, Business Intelligence","Business Intelligence Manager","Manager Level"
"Sr. Financial Analyst","Financial Analyst","Analyst/Engineer Level"
"Senior Salesforce Developer","Other Developer level","Developer/Architect Level"
"Business & Analytics Program Manager – Lease Administration Technology","Analytics Manager","Manager Level"
"Sr. Business Operations Manager","Business Operations Manager","Manager Level"
"Test Automation Engineer","Other Engineer level","Analyst/Engineer Level"
"Front End Developer","Other Developer level","Developer/Architect Level"
"Sr. Business Intelligence Engineer, SLS","Business Intelligence Engineer","Analyst/Engineer Level"
"Senior Financial Analyst, Global Profit Intelligence Finance","Financial Analyst","Analyst/Engineer Level"
"Senior Financial Analyst, Transportation Finance","Financial Analyst","Analyst/Engineer Level"
"Senior Financial Analyst, NA Amazon Flex","Financial Analyst","Analyst/Engineer Level"
"Senior Analyst, CS Forecasting","Senior Analyst","Analyst/Engineer Level"
"Senior BIE, Global Profit Intelligence Finance","Business Intelligence Engineer","Analyst/Engineer Level"
"Business Intelligence Engineering Manager","Business Intelligence Engineer","Analyst/Engineer Level"
"Sr. Business Intelligence Engineer, Retail Operations","Business Intelligence Engineer","Analyst/Engineer Level"
"Marketing Operations Manager","Marketing Operations Manager","Manager Level"
"Senior Finance Analyst - AMXL Financial Planning & Analysis","Financial Analyst","Analyst/Engineer Level"
"Senior Financial Analyst - NACF Central FP&A","Financial Analyst","Analyst/Engineer Level"
"Senior Financial Analyst, Risk Management","Financial Analyst","Analyst/Engineer Level"
"Senior Financial Analyst - Digital Content and Commerce Services","Financial Analyst","Analyst/Engineer Level"
"Senior Financial Analyst - Amazon Payments Products","Financial Analyst","Analyst/Engineer Level"
"Senior Financial Analyst, Hardlines","Financial Analyst","Analyst/Engineer Level"
"Sr. Data Engineer","Data Engineer","Analyst/Engineer Level"
"Senior Data Engineer - Advertising, New Initiatives","Data Engineer","Analyst/Engineer Level"
"Senior Financial Analyst, International Seller Services","Financial Analyst","Analyst/Engineer Level"
"Sr. Program Manager, Global Shipping","Program Manager","Manager Level"
"Sr Payments Program Manager","Program Manager","Manager Level"
"Sr. Program Manager, Fleet Strategy and Visibility","Program Manager","Manager Level"
"WW Ops Space Planning Program Manager II","Program Manager","Manager Level"
"US Softlines Senior Finance Manager","Finance Manager","Manager Level"
"Facilities Manager","Other Manager level","Manager Level"
"Programmer Analyst II","Other Analysts","Analyst/Engineer Level"
"Program Manager - HR Services","Program Manager","Manager Level"
"Sr. BIE, Trust & Safety","Business Intelligence Engineer","Analyst/Engineer Level"
"Program Manager, Global Real Estate & Facilities - AMER","Program Manager","Manager Level"
"Construction Program Manager","Program Manager","Manager Level"
"Data Engineer II, Amazon Fuse","Data Engineer","Analyst/Engineer Level"
"Software Development Engineer II, Employee Experience","Software Engineer","Analyst/Engineer Level"
"Area and Facilities Manager – R&D Real Estate and Facilities (GREF)","Other Manager level","Manager Level"
"Principal Technical Program Manager - Analytics and Operations","Analytics Manager","Manager Level"
"SaaS Cloud Security Operations Center (SOC) Analyst - NSC","Operations Analyst","Analyst/Engineer Level"
"Research Scientist, Privacy Research","Research Scientist","Scientist/Reseacher Level"
"SaaS Cloud Security Operations Center (SOC) Analyst (NSC – National Security Clearance req)","Operations Analyst","Analyst/Engineer Level"
"Data Engineer, Mission Control ","Data Engineer","Analyst/Engineer Level"
"Associate Vendor Manager","Other Manager level","Manager Level"
"Software Development Engineer","Software Engineer","Analyst/Engineer Level"
"Senior Financial Analyst (Nationwide Opportunities)","Financial Analyst","Analyst/Engineer Level"
"Lead Fulfillment Associate","Fulfillment Associate","Associate Level"
"GYR1 Lead Fulfillment Associate (Tier 3)","Fulfillment Associate","Associate Level"
"MEM3 Lead Fulfillment Associate","Fulfillment Associate","Associate Level"
"DAL2 Lead Fulfillment Associate","Fulfillment Associate","Associate Level"
"MKE2 Lead Fulfillment Associate","Fulfillment Associate","Associate Level"
"GYR4 Lead Fulfillment Associate (Tier 3)","Fulfillment Associate","Associate Level"
"Senior Maintenance Manager","Other Manager level","Manager Level"
"Entry Level - Associate Data Scientist","Data Scientist","Scientist/Reseacher Level"
"CMTS ML/ Cognitive Data Scientist 5 (JoinOCI)","Data Scientist","Scientist/Reseacher Level"
"Data Scientist III","Data Scientist","Scientist/Reseacher Level"
"Principal ""Cognitive"" Data Scientist (JoinOCI)","Data Scientist","Scientist/Reseacher Level"
"Data Scientist II","Data Scientist","Scientist/Reseacher Level"
"Machine Learning Engineer","Machine Learning Engineer","Analyst/Engineer Level"
"Principal Cognitive-Decision Data Scientist (JoinOCI)","Data Scientist","Scientist/Reseacher Level"
"Applied Scientist Manager - Machine Learning","Applied Scientist","Scientist/Reseacher Level"
"Data Scientist - Pricing Analytics","Data Scientist","Scientist/Reseacher Level"
"Principal Cognitive Decision Services Data Scientist","Data Scientist","Scientist/Reseacher Level"
"Senior Applied Scientist , Machine Learning","Applied Scientist","Scientist/Reseacher Level"
"Machine Learning Engineer for Habana Labs, an Intel Company","Machine Learning Engineer","Analyst/Engineer Level"
"Data Scientist, Product Analytics","Data Scientist","Scientist/Reseacher Level"
"Data Scientist - Workday Analytics","Data Scientist","Scientist/Reseacher Level"
"Photonics Researcher","Researcher","Scientist/Reseacher Level"
"Data Scientist IBM Tech Re-Entry","Data Scientist","Scientist/Reseacher Level"
"Research Scientist II","Research Scientist","Scientist/Reseacher Level"
"Sr Applied Scientist","Applied Scientist","Scientist/Reseacher Level"
"Entry Level Federal Associate Data Science","Data Science Associate","Associate Level"
"Offensive Security Researcher","Researcher","Scientist/Reseacher Level"
"Principal Data Scientist (OCI)","Data Scientist","Scientist/Reseacher Level"
"Entry Level Associate Data Scientist - CIC Monroe","Data Scientist","Scientist/Reseacher Level"
"Senior Applied Scientist","Applied Scientist","Scientist/Reseacher Level"
"Design Researcher, Quantum Team","Researcher","Scientist/Reseacher Level"
"Cloud Infrastructure Engineering - Principal Data Scientist (JoinOCI-SDE)","Data Scientist","Scientist/Reseacher Level"
"Sr. Applied Scientist, Amazon Alexa AI","Applied Scientist","Scientist/Reseacher Level"
"Data Scientist, Analytics-Remote Presence","Data Scientist","Scientist/Reseacher Level"
"Principal Software Developer - Machine Learning","Other Developer level","Developer/Architect Level"
"Senior UX Researcher (ERP)","Researcher","Scientist/Reseacher Level"
"Sr. Applied Scientist","Applied Scientist","Scientist/Reseacher Level"
"Senior Data Engineer (OCI), Cloud Infrastructure Development","Data Engineer","Analyst/Engineer Level"
"Sr. Data Scientist","Data Scientist","Scientist/Reseacher Level"
"Sr. Data Engineer (OCI), Cloud Engineering Infrastructure Development","Data Engineer","Analyst/Engineer Level"
"Data Science, Product Analytics - Instagram Machine Learning","Product Analyst","Analyst/Engineer Level"
"Research Scientist","Research Scientist","Scientist/Reseacher Level"
"Decision Scientist","Other Scientists","Scientist/Reseacher Level"
"Security UX Researcher","Researcher","Scientist/Reseacher Level"
"Biostatistician Consultant","Other Consultant level","Consultant Level"
"Data Scientist, Finance","Data Scientist","Scientist/Reseacher Level"
"Junior User Researcher : 2021 (Watson Advertising & Weather)","Researcher","Scientist/Reseacher Level"
"People Research Scientist, People Analytics (Recruiting)","Research Scientist","Scientist/Reseacher Level"
"Research Scientist III","Research Scientist","Scientist/Reseacher Level"
"Data Scientist, Analytics - Messaging Search","Data Scientist","Scientist/Reseacher Level"
"Big Data Engineer","Data Engineer","Analyst/Engineer Level"
"Senior Data Scientist - Amazon Search","Data Scientist","Scientist/Reseacher Level"
"Well-being Quantitative Researcher","Quantitative Researcher","Scientist/Reseacher Level"
"Cyber Threat Intelligence Researcher - CISO","Researcher","Scientist/Reseacher Level"
"Senior Machine Learning Applied Scientist - Video Shopping","Applied Scientist","Scientist/Reseacher Level"
"Entry Level Federal Associate Technical Consultant","Technical Consultant","Consultant Level"
"Data Engineer II","Data Engineer","Analyst/Engineer Level"
"UX Researcher, Alexa Research Insights Manager","Researcher","Scientist/Reseacher Level"
"Research Scientist, Applied Perception Science","Research Scientist","Scientist/Reseacher Level"
"Sr Research Scientist","Research Scientist","Scientist/Reseacher Level"
"Data Scientist, Analytics - Ads Delivery","Data Scientist","Scientist/Reseacher Level"
"Postdoctoral Researcher: 2021","Researcher","Scientist/Reseacher Level"
"Manager, Machine Learning Solutions Lab","Machine Learning Manager","Manager Level"
"Senior Data Scientist--Demand Forecasting","Data Scientist","Scientist/Reseacher Level"
"Research Scientist, Perceptual Research","Research Scientist","Scientist/Reseacher Level"
"BI Engineer II","Business Intelligence Engineer","Analyst/Engineer Level"
"Senior Data Scientist, Global Finance Operations","Data Scientist","Scientist/Reseacher Level"
"Data Engineer (TS/SCI + FS Poly)","Data Engineer","Analyst/Engineer Level"
"Entry Level Associate Application Developer - CIC Baton Rouge","Other Associate level","Associate Level"
"Data Science, Product Analytics - Instagram Creator Shopping","Product Analyst","Analyst/Engineer Level"
"Entry Level Associate Test Specialist - CIC Monroe","Other Associate level","Associate Level"
"Sr. Data Scientist, Middle Mile Simulation Systems","Data Scientist","Scientist/Reseacher Level"
"Data Engineer II, AIR BI, Amazon AIR","Data Engineer","Analyst/Engineer Level"
"Sr. Data Science and Language Data Research Manager","Data Science Manager","Manager Level"
"Solution Architect (TS/SCI + Full Scope Poly)","Other Architect level","Developer/Architect Level"
"Sr. Data Scientist - Finance Operations","Data Scientist","Scientist/Reseacher Level"
"Sr Data Engineer - Trend Analytics","Data Engineer","Analyst/Engineer Level"
"Intern Conversion - Postdoctoral Researcher 2021","Researcher","Scientist/Reseacher Level"
"Sr. Machine Learning Engineer","Machine Learning Engineer","Analyst/Engineer Level"
"Senior Market Researcher","Market Researcher","Scientist/Reseacher Level"
"Senior Data Engineer - Alexa","Data Engineer","Analyst/Engineer Level"
"Senior Research Scientist Forecasting","Research Scientist","Scientist/Reseacher Level"
"Sr. Data Scientist - FBA products","Data Scientist","Scientist/Reseacher Level"
"Data Engineer III","Data Engineer","Analyst/Engineer Level"
"Research Scientist, Physically-based Simulation and ML for Virtual Humans","Research Scientist","Scientist/Reseacher Level"
"Economist III","Economist","Lead/Advisor Level"
"Researcher","Researcher","Scientist/Reseacher Level"
"Sr. Business Intelligence Engineer - Risk Intelligence","Business Intelligence Engineer","Analyst/Engineer Level"
"Data Engineer, Analytics (Marketing Analytics)","Data Engineer","Analyst/Engineer Level"
"Sr. User Researcher - Alexa","Researcher","Scientist/Reseacher Level"
"Sr. Research Scientist - Forecasting","Research Scientist","Scientist/Reseacher Level"
"Research Scientist, Product Algorithms","Research Scientist","Scientist/Reseacher Level"
"Sr. Data Engineer, Alexa Music","Data Engineer","Analyst/Engineer Level"
"Data Scientist, Analytics - Sales & Marketing Interfaces","Data Scientist","Scientist/Reseacher Level"
"Software Development Engineer - Machine Learning","Software Engineer","Analyst/Engineer Level"
"Applied Research Scientist, Computer Vision","Research Scientist","Scientist/Reseacher Level"
"Research Scientist Manager","Research Scientist","Scientist/Reseacher Level"
"Data Scientist, Analytics - Ads Delivery (App Monetization)","Data Scientist","Scientist/Reseacher Level"
"Sr.Data Engineer, Prime Video","Data Engineer","Analyst/Engineer Level"
"UX Survey Methodologist","Unknown","Unknown"
"Manager, Data Engineering - FinTech","Data Engineer","Analyst/Engineer Level"
"Research Scientist, Novi Economics (Blockchain)","Research Scientist","Scientist/Reseacher Level"
"Senior User Researcher","Researcher","Scientist/Reseacher Level"
"Sr Data Engineer","Data Engineer","Analyst/Engineer Level"
"Sr Data Engineer, CS BI","Data Engineer","Analyst/Engineer Level"
"Data Engineer, Analytics (Platform)","Data Engineer","Analyst/Engineer Level"
"Senior Data Engineer - FinTech","Data Engineer","Analyst/Engineer Level"
"Senior User Researcher - Amazon Halo","Researcher","Scientist/Reseacher Level"
"Sr UX Researcher","Researcher","Scientist/Reseacher Level"
"Business Intelligence Engineer Lead - Benefits","Business Intelligence Engineer","Analyst/Engineer Level"
"Quantitative Market Researcher, Growth","Market Researcher","Scientist/Reseacher Level"
"Sr. Data Engineer, Prime Video","Data Engineer","Analyst/Engineer Level"
"Sr Data Engineer - Architect","Data Engineer","Analyst/Engineer Level"
"Sr. Big Data Engineer","Data Engineer","Analyst/Engineer Level"
"Actuator Research Scientist","Research Scientist","Scientist/Reseacher Level"
"Sr. Design Researcher","Researcher","Scientist/Reseacher Level"
"Quantitative Researcher (Health Impact)","Quantitative Researcher","Scientist/Reseacher Level"
"Data Engineer II (L5) - Business Data Technologies","Data Engineer","Analyst/Engineer Level"
"Qualitative UX Researcher, Growth","Researcher","Scientist/Reseacher Level"
"Sr. Data Engineer, Amazon DSP","Data Engineer","Analyst/Engineer Level"
"Research Scientist, Flexible/Stretchable Electronics","Research Scientist","Scientist/Reseacher Level"
"HR Finance Data Engineer III","Data Engineer","Analyst/Engineer Level"
"Sr Research Scientist-Flight Controls, Prime Air","Research Scientist","Scientist/Reseacher Level"
"Senior UX Researcher, Alexa Shopping","Researcher","Scientist/Reseacher Level"
"Data Engineer, Analytics (Product Foundation)","Data Engineer","Analyst/Engineer Level"
"Sr. UX Researcher","Researcher","Scientist/Reseacher Level"
"Research Scientist Manager, Facebook Reality Labs - Health Tech","Research Scientist","Scientist/Reseacher Level"
"Data Engineering Manager","Data Engineer","Analyst/Engineer Level"
"Research Scientist - Neural Interface Interactions","Research Scientist","Scientist/Reseacher Level"
"Data Engineer, Analytics (Payments Ecosystem)","Data Engineer","Analyst/Engineer Level"
"Senior User Experience Researcher - Delivery Experience","Researcher","Scientist/Reseacher Level"
"Research Scientist - Optical Sciences and Polarization","Research Scientist","Scientist/Reseacher Level"
"Senior Software Development Engineer - Machine Learning","Software Engineer","Analyst/Engineer Level"
"Sr. Product Manager - Technical, Alexa AI Distributed Machine Learning","Machine Learning Manager","Manager Level"
"Sr. Technical Program Manager","Technical Program Manager","Manager Level"
"Research Scientist - Computer Vision for Input and Interactions","Research Scientist","Scientist/Reseacher Level"
"Senior User Experience Researcher - Transportation & Recipient Experience","Researcher","Scientist/Reseacher Level"
"Sr. Product Manager - Tech","Product Manager","Manager Level"
"Research Scientist, Machine Learning (PhD)","Research Scientist","Scientist/Reseacher Level"
"Senior Product Manager - Advertising Targeting and Recommendations","Product Manager","Manager Level"
"Sr. Software Development Manager","Other Manager level","Manager Level"
"Senior Frontend Engineer, Amazon SageMaker","Other Engineer level","Analyst/Engineer Level"
"Senior Technical Program Manager - Video Advertising","Technical Program Manager","Manager Level"
"Senior Software Development Engineer","Software Engineer","Analyst/Engineer Level"
"Mixed Methods UX Researcher","Researcher","Scientist/Reseacher Level"
"Research Scientist, Machine Learning for Image Synthesis (PhD)","Research Scientist","Scientist/Reseacher Level"
"Research Scientist, Computational Imaging (PhD)","Research Scientist","Scientist/Reseacher Level"
"Data Engineer, Partnerships Central Systems, Data and Tools","Data Engineer","Analyst/Engineer Level"
"Postdoctoral Research Scientist, CTRL-labs (PhD)","Research Scientist","Scientist/Reseacher Level"
"Computer Vision Research Scientist - Audio","Research Scientist","Scientist/Reseacher Level"
"Mixed Method Researcher (Responsible Innovation & Design Team)","Researcher","Scientist/Reseacher Level"
"Mixed Methods Researcher, Growth (Menlo Park)","Researcher","Scientist/Reseacher Level"
"Research Scientist, Extreme Vision (PhD)","Research Scientist","Scientist/Reseacher Level"
"Research Scientist Manager, Computer Vision and Human Understanding","Research Scientist","Scientist/Reseacher Level"
"FRL Researcher Tools Software Engineer","Researcher","Scientist/Reseacher Level"
"Research Scientist, Virtual Humans - Speech Synthesis (PhD)","Research Scientist","Scientist/Reseacher Level"
"Postdoctoral Research Scientist - Array Signal Processing/ML (PhD)","Research Scientist","Scientist/Reseacher Level"
"Computational Fluid Dynamics Postdoctoral Researcher","Researcher","Scientist/Reseacher Level"
"Research Scientist- Electro-Optic Device Modeling, Fabrication and Testing","Research Scientist","Scientist/Reseacher Level"
"Postdoctoral Researcher, Computational Social Science (CDS)","Researcher","Scientist/Reseacher Level"
"Postdoctoral Research Scientist, Auditory Spatial Perception (PhD)","Research Scientist","Scientist/Reseacher Level"
"Postdoctoral Research Scientist, Adaptive Interaction (PhD)","Research Scientist","Scientist/Reseacher Level"
"Postdoctoral Research Scientist, Holographic Optical Elements (PhD)","Research Scientist","Scientist/Reseacher Level"
"Financial Analyst II - Corporate Financial Planning and Analysis","Financial Analyst","Analyst/Engineer Level"
"Promontory AML Analyst","Other Analysts","Analyst/Engineer Level"
"Financial Analyst II","Financial Analyst","Analyst/Engineer Level"
"Financial Analyst II, Amazon Air","Financial Analyst","Analyst/Engineer Level"
"Senior Financial Analyst, Expansion Strategy","Financial Analyst","Analyst/Engineer Level"
"Senior Financial Analyst - Prime Video","Financial Analyst","Analyst/Engineer Level"
"Sr. Financial Analyst - Alexa Finance","Financial Analyst","Analyst/Engineer Level"
"Senior Financial Analyst, International Consumer Finance","Financial Analyst","Analyst/Engineer Level"
"Sr. Financial Analyst, Advertising Finance","Financial Analyst","Analyst/Engineer Level"
"Sr Financial Analyst, PillPack","Financial Analyst","Analyst/Engineer Level"
"Senior Financial Analyst - Grocery Delivery","Financial Analyst","Analyst/Engineer Level"
"Senior Financial Analyst - Procurement","Financial Analyst","Analyst/Engineer Level"
"Senior Financial Analyst, Transportation Services","Financial Analyst","Analyst/Engineer Level"
"Senior Financial Analyst - Field Support Finance","Financial Analyst","Analyst/Engineer Level"
"Sr. Financial Analyst - Corp Biz Dev","Financial Analyst","Analyst/Engineer Level"
"Sr. Finance Analyst - Luna Finance","Financial Analyst","Analyst/Engineer Level"
"Senior Financial Analyst - Physical Stores","Financial Analyst","Analyst/Engineer Level"
"Senior Financial Analyst, Last Mile","Financial Analyst","Analyst/Engineer Level"
"Sr. Financial Analyst - Fire TV","Financial Analyst","Analyst/Engineer Level"
"Senior Financial Analyst, Global Specialty Fulfillment","Financial Analyst","Analyst/Engineer Level"
"Senior Finance Analyst - Prime/Customer Insights","Financial Analyst","Analyst/Engineer Level"
"Sr. Financial Analyst - Sustainable Transportation","Financial Analyst","Analyst/Engineer Level"
"Sr. Financial Analyst, Global IT","Financial Analyst","Analyst/Engineer Level"
"Senior Financial Analyst - Customer Trust and Partner Support","Financial Analyst","Analyst/Engineer Level"
"Senior Financial Analyst, Selling Partner Services FP&A","Financial Analyst","Analyst/Engineer Level"
"Senior Financial Analyst- Outbound Transportation","Financial Analyst","Analyst/Engineer Level"
"Senior Accountant - Global Financial Accounting & Controls","Unknown","Unknown"
"Sr. Financial Analyst III, Ops Tech IT","Financial Analyst","Analyst/Engineer Level"
"Senior Financial Analyst - DAC Infrastructure","Financial Analyst","Analyst/Engineer Level"
"Sales Operations Analyst 1","Operations Analyst","Analyst/Engineer Level"
"Strategy & Operations Manager","Operations Manager","Manager Level"
"Strategy and Operations Manager","Operations Manager","Manager Level"
"Business Operations Manager - Finance & Business Planning","Business Operations Manager","Manager Level"
"Infrastructure Operations Manager","Operations Manager","Manager Level"
"Offensive Security Engineer (Principal) for OCI","Other Engineer level","Analyst/Engineer Level"
"Strategy and Operations Manager, Education Modernization","Operations Manager","Manager Level"
"Procurement Operations Manager","Operations Manager","Manager Level"
"Customer Service Operations Manager","Operations Manager","Manager Level"
"Senior Operations Manager, Delivery Ops","Operations Manager","Manager Level"
"Senior Operations Manager, Amazon Air","Operations Manager","Manager Level"
"Sr Operations Manager, Selling Partner Support","Operations Manager","Manager Level"
"Technical Operations Manager - w/Docker & Kubernetes - REMOTE","Operations Manager","Manager Level"
"Security Operations Manager","Operations Manager","Manager Level"
"Operations Manager- Charlotte","Operations Manager","Manager Level"
"Operations Manager","Operations Manager","Manager Level"
"Program Operations Manager","Operations Manager","Manager Level"
"Operations Manager - STL4","Operations Manager","Manager Level"
"BFL1 Operations Manager","Operations Manager","Manager Level"
"Operations Manager - STL8","Operations Manager","Manager Level"
"Operations Manager, Delivery Operations","Operations Manager","Manager Level"
"PSP1 Operations Manager","Operations Manager","Manager Level"
"SCK1 Operations Manager","Operations Manager","Manager Level"
"Operations Manager - Windsor, CT","Operations Manager","Manager Level"
"Operations Manager - CMH 1,2","Operations Manager","Manager Level"
"Operations Manager - Dallas, TX","Operations Manager","Manager Level"
"Operations Manager - Memphis, TN","Operations Manager","Manager Level"
"Operations Manager - Indianapolis/Greenfield","Operations Manager","Manager Level"
"Operations Manager - Nationwide Opportunities","Operations Manager","Manager Level"
"Station Operations Manager","Operations Manager","Manager Level"
"Operations Manager - Greater Dallas Area - Worldwide Operations","Operations Manager","Manager Level"
"Operations Manager - Spartanburg, SC","Operations Manager","Manager Level"
"Operations Manager - Sacramento, CA","Operations Manager","Manager Level"
"Operations Manager - Breinigsville, PA","Operations Manager","Manager Level"
"Operations Manager - Edison, NJ","Operations Manager","Manager Level"
"Operations Manager, Amazon Air","Operations Manager","Manager Level"
"Operations Manager- Jeffersonville, IN","Operations Manager","Manager Level"
"mem6 Operations Manager","Operations Manager","Manager Level"
"Operations Manager - Phoenix, AZ Locations","Operations Manager","Manager Level"
"Operations Manager - Salt Lake City, UT","Operations Manager","Manager Level"
"Operations Manager - Lebanon, TN","Operations Manager","Manager Level"
"NorCal Operations Manager","Operations Manager","Manager Level"
"Operations Manager - Greater Forth Worth Area - Worldwide Operations","Operations Manager","Manager Level"
"Operations Manager - Middletown, DE","Operations Manager","Manager Level"
"Operations Manager - Spokane, WA","Operations Manager","Manager Level"
"Operations Manager - Oak Creek, WI","Operations Manager","Manager Level"
"Operations Manager - CMH,OH","Operations Manager","Manager Level"
"Operations Manager - Kansas City, KS Area","Operations Manager","Manager Level"
"Station Operations Manager- Elizabeth, NJ","Operations Manager","Manager Level"
"Operations Manager - Bessemer, Alabama","Operations Manager","Manager Level"
"Operations Manager - North Haven, CT","Operations Manager","Manager Level"
"Operations Manager - CLE, OH","Operations Manager","Manager Level"
"Station Operations Manager- Bethpage, NY","Operations Manager","Manager Level"
"Operations Manager - Chicagoland","Operations Manager","Manager Level"
"Station Operations Manager - Seattle Metropolitan Area","Operations Manager","Manager Level"
"Station Operations Manager - Chicago, IL - WW Ops","Operations Manager","Manager Level"
"Operations Manager - Patterson, CA","Operations Manager","Manager Level"
"Operations Manager - Military Veterans Encouraged","Operations Manager","Manager Level"
"Operations Manager- Shepherdsville, KY","Operations Manager","Manager Level"
"Station Operations Manager- Bronx, NY","Operations Manager","Manager Level"
"Station Operations Manager- Wilmington, MA","Operations Manager","Manager Level"
"Station Operations Manager - Greater DC Metro Area","Operations Manager","Manager Level"
"Operations Manager - North East, Maryland","Operations Manager","Manager Level"
"Operations Manager - Hazleton, PA","Operations Manager","Manager Level"
"Sr Marketing Operations Manager","Marketing Operations Manager","Manager Level"
"Operations Manager - Beloit, WI","Operations Manager","Manager Level"
"Operations Manager -Ohio Locations- Military Veterans Encouraged","Operations Manager","Manager Level"
"Operations Manager - Nationwide Positions (Military Veterans Encouraged)","Operations Manager","Manager Level"
"Operations Manager- Campbellsville, KY","Operations Manager","Manager Level"
"Operations Manager - Aurora, IL","Operations Manager","Manager Level"
"Station Operations Manager- Dedham, MA","Operations Manager","Manager Level"
"Senior Finance Operations Manager - Healthcare AP","Finance Operations Manager","Manager Level"
"Operations Manager - Amazon Military Skillbridge - Central Region (MI and OH)","Operations Manager","Manager Level"
"Operations Manager - Veterans Encouraged to Apply","Operations Manager","Manager Level"
"Operations Manager - (Euclid, OH) - Military Veterans Encouraged","Operations Manager","Manager Level"
"Maintenance Operations Manager, NCC, Amazon Air","Operations Manager","Manager Level"
"Operations Manager- Veterans Encouraged to Apply","Operations Manager","Manager Level"
"Operations Manager - (Euclid, OH) - Military Veterans and Spouses Encouraged","Operations Manager","Manager Level"
"Operations Manager - Amazon Military Skillbridge - East Region (MD, NJ, CT)","Operations Manager","Manager Level"
"Operations Manager - (Detroit Area) - Military Veterans Encouraged","Operations Manager","Manager Level"
"Operations Manager (Cleveland) - Military Veterans Encouraged","Operations Manager","Manager Level"
"Operations Manager, Air Gateways","Operations Manager","Manager Level"
"Operations Manager, Disability and Leave Services (DLS)","Operations Manager","Manager Level"
"Operations Manager - (Etna, OH) - Military Veterans and Spouses Encouraged","Operations Manager","Manager Level"
"Operations Manager- Military Veterans Encouraged","Operations Manager","Manager Level"
"Operations Manager - (Columbus Area) - Military Veterans and Spouses Encouraged","Operations Manager","Manager Level"
"Operations Manager - (Monee, IL) - Military Veterans and Spouses Encouraged","Operations Manager","Manager Level"
"Operations Manager - (Romulus, MI) Military Veterans and Spouses Encouraged","Operations Manager","Manager Level"
"Operations Manager (Kenosha, WI) - Military Veterans Encouraged","Operations Manager","Manager Level"
"Operations Manager -Inland Empire, CA Locations- Military Veterans Encouraged","Operations Manager","Manager Level"
"Entry Level Supply Chain Professional: 2021","Unknown","Unknown"
"Transportation Supply Chain Manager","Supply Chain Manager","Manager Level"
"Supply Chain Manager, Relay Operations","Supply Chain Manager","Manager Level"
"Entry Level Supply Chain Engineering Professional: 2021","Other Engineer level","Analyst/Engineer Level"
"Supply Chain Manager-Global Specialty Fulfillment","Supply Chain Manager","Manager Level"
"Supply Chain Manager- Global Specialty Fulfillment Team","Supply Chain Manager","Manager Level"
"Manager, Supply Chain Management, ATS-ROC","Supply Chain Manager","Manager Level"
"Senior Supply Chain Manager, Global Specialty Fulfillment","Supply Chain Manager","Manager Level"
"Supply Chain Product Manager","Supply Chain Manager","Manager Level"
"Sr. Supply Chain Manager, Sub-Same Day Delivery","Supply Chain Manager","Manager Level"
"Senior Supply Chain Manager, Emerging Countries Topology & Capacity Planning","Supply Chain Manager","Manager Level"
"Program Manager - Supply Chain","Program Manager","Manager Level"
"Middle Mile Partner Manager","Other Manager level","Manager Level"
"Content Strategy Manager","Strategy Manager","Manager Level"
"Senior Procurement Strategy Manager","Strategy Manager","Manager Level"
"Campaign Manager","Other Manager level","Manager Level"
"Senior Investment Analyst","Investment Analyst","Analyst/Engineer Level"
"Global RPA Senior Product Marketing Manager","Marketing Manager","Manager Level"
"Product Marketing Manager","Marketing Manager","Manager Level"
"Global Associate Partner, Talent and Transformation","Other Associate level","Associate Level"
"Senior Brand Manager, Prime Video","Other Manager level","Manager Level"
